<?xml version="1.0" encoding="UTF-8"?>
<configuration>

	<appender name="STDOUT" class="ch.qos.logback.core.ConsoleAppender">
		<!-- encoders are assigned the type
			 ch.qos.logback.classic.encoder.PatternLayoutEncoder by default -->
		<encoder>
			<pattern>>> %d{HH:mm:ss.SSS} [%thread] %-5level %logger{36}: %msg%n</pattern>
		</encoder>
	</appender>
    
	<appender name="FILE" class="ch.qos.logback.core.FileAppender">
		<file>jzt-api.log</file>
		<encoder>
			<pattern>>> %d{HH:mm:ss.SSS} %level [%thread] %file:%line%n%msg%n%n</pattern>
		</encoder>
	</appender>
    
	<appender name="ROLLING" class="ch.qos.logback.core.rolling.RollingFileAppender">
		<file>jzt-api.log</file>
		<rollingPolicy class="ch.qos.logback.core.rolling.TimeBasedRollingPolicy">
			<!-- rollover daily -->
			<fileNamePattern>jzt-api-%d{yyyy-MM-dd}.%i.log.gz</fileNamePattern>
			<timeBasedFileNamingAndTriggeringPolicy class="ch.qos.logback.core.rolling.SizeAndTimeBasedFNATP">
				<!-- or whenever the file size reaches 2MB -->
				<maxFileSize>2MB</maxFileSize>
			</timeBasedFileNamingAndTriggeringPolicy>
		</rollingPolicy>
		<encoder>
			<pattern>>> %date %level [%thread] %n%msg%n</pattern>
		</encoder>
	</appender>


	<appender name ="ASYNC" class= "ch.qos.logback.classic.AsyncAppender">  
		<discardingThreshold >2</discardingThreshold>   
		 <!-- add the following line -->
      	<includeCallerData>true</includeCallerData>

		<appender-ref ref="ROLLING" />
	</appender>  

	<root level="debug">
		<appender-ref ref="STDOUT" />
		<appender-ref ref="ASYNC" />
	</root>
</configuration>