<?xml version="1.0" encoding="UTF-8"?>
<!-- - DispatcherServlet application context for PetClinic's web tier. -->
<beans xmlns="http://www.springframework.org/schema/beans"
	xmlns:xsi="http://www.w3.org/2001/XMLSchema-instance" xmlns:p="http://www.springframework.org/schema/p"
	xmlns:context="http://www.springframework.org/schema/context"
	xmlns:oxm="http://www.springframework.org/schema/oxm" xmlns:mvc="http://www.springframework.org/schema/mvc"
	xsi:schemaLocation="http://www.springframework.org/schema/beans http://www.springframework.org/schema/beans/spring-beans.xsd
				http://www.springframework.org/schema/context http://www.springframework.org/schema/context/spring-context.xsd
				http://www.springframework.org/schema/oxm http://www.springframework.org/schema/oxm/spring-oxm-3.0.xsd
				http://www.springframework.org/schema/mvc http://www.springframework.org/schema/mvc/spring-mvc-3.0.xsd">

	<!-- - The controllers are auto detected POJOs labeled with the @Controller 
		annotation. -->
	<context:component-scan base-package="com.jzt.api.controller"
		use-default-filters="false">
		<context:include-filter type="annotation"
			expression="org.springframework.stereotype.Controller" />
		<context:include-filter type="aspectj"
			expression="com.jzt.api.*Controller" />

	</context:component-scan>
	
    <context:annotation-config />

	<!-- Auto register DefaultAnnotationHandlerMapping and AnnotationMethodHandlerAdapter -->
	<mvc:annotation-driven />

	<!--Register INTECEPTOR -->
	<mvc:interceptors>
		<bean class="com.jzt.api.interceptor.InitServletInterceptor"></bean>
	</mvc:interceptors>

	<!--Use message converter to process RequestBody input -->
	<bean
		class="org.springframework.web.servlet.mvc.annotation.AnnotationMethodHandlerAdapter">
		<property name="messageConverters">
			<list>
				<bean
					class="org.springframework.http.converter.StringHttpMessageConverter" />
				<bean
					class="org.springframework.http.converter.ResourceHttpMessageConverter" />
				<bean
					class="org.springframework.http.converter.xml.Jaxb2RootElementHttpMessageConverter" />
				<bean
					class="org.springframework.http.converter.json.MappingJacksonHttpMessageConverter" />
			</list>
		</property>
	</bean>
	<!-- Convert url xx.json to application/json type -->
	<bean
		class="org.springframework.web.servlet.view.ContentNegotiatingViewResolver">
		<property name="mediaTypes">
			<map>
				<entry key="json" value="application/json" />
			</map>
		</property>
		<property name="order" value="0" />
	</bean>

	<!-- view page mapping resolver -->
	<bean
		class="org.springframework.web.servlet.view.InternalResourceViewResolver"
		p:prefix="/WEB-INF/view/" p:suffix=".jsp" p:order="3" />
		
</beans>
