<beans xmlns="http://www.springframework.org/schema/beans" 
 xmlns:xsi="http://www.w3.org/2001/XMLSchema-instance"
   xmlns:cache="http://www.springframework.org/schema/cache"
	xmlns:p="http://www.springframework.org/schema/p"
   xsi:schemaLocation="http://www.springframework.org/schema/beans 
   http://www.springframework.org/schema/beans/spring-beans.xsd 
     http://www.springframework.org/schema/cache 
     http://www.springframework.org/schema/cache/spring-cache.xsd"> 
    
   <cache:annotation-driven />

    <!-- generic cache manager --> 
   <bean id="cacheManager" 
   class="org.springframework.cache.support.SimpleCacheManager">
     <property name="caches"> 
       <set> 
         <bean class="org.springframework.cache.concurrent.ConcurrentMapCacheFactoryBean"
           p:name="ApkInfo" />
         <bean class="org.springframework.cache.concurrent.ConcurrentMapCacheFactoryBean"
           p:name="BlackUser" />
         <bean class="org.springframework.cache.concurrent.ConcurrentMapCacheFactoryBean"
           p:name="isUserCode" />
         <bean class="org.springframework.cache.concurrent.ConcurrentMapCacheFactoryBean"
           p:name="SpCodePercent" />
           <bean class="org.springframework.cache.concurrent.ConcurrentMapCacheFactoryBean"
           p:name="AppID" />
           <bean class="org.springframework.cache.concurrent.ConcurrentMapCacheFactoryBean"
           p:name="CurrentDayPrice" />
           <bean class="org.springframework.cache.concurrent.ConcurrentMapCacheFactoryBean"
           p:name="CurrentMonthPrice" />
       </set> 
     </property> 
   </bean> 
 </beans>