<?xml version="1.0" encoding="UTF-8"?>
<!-- - DispatcherServlet application context for PetClinic's web tier. -->
<beans xmlns="http://www.springframework.org/schema/beans"
	xmlns:xsi="http://www.w3.org/2001/XMLSchema-instance"
	xmlns:p="http://www.springframework.org/schema/p"
	xmlns:context="http://www.springframework.org/schema/context"
	xmlns:oxm="http://www.springframework.org/schema/oxm"
	xsi:schemaLocation="http://www.springframework.org/schema/beans http://www.springframework.org/schema/beans/spring-beans.xsd
				http://www.springframework.org/schema/context http://www.springframework.org/schema/context/spring-context.xsd
				http://www.springframework.org/schema/oxm http://www.springframework.org/schema/oxm/spring-oxm-3.0.xsd">

	<context:property-placeholder
		location="classpath:config/system/biz_database.properties,classpath:config/system/biz_redis.properties" />
		
		  <bean id="dataSource" class="org.springframework.jdbc.datasource.DriverManagerDataSource" >  
        <property name="driverClassName" value="${jdbc.driverClassName}" />  
        <property name="url" value="${jdbc.url}" />  
        <property name="username" value="${jdbc.username}" />  
        <property name="password" value="${jdbc.password}" />  
    </bean>
    
    <!-- 自动扫描了所有的XxxxMapper.xml对应的mapper接口文件，这样就不用一个一个手动配置Mpper的映射了，只要Mapper接口类和Mapper映射文件对应起来就可以了。 -->
	<bean class="org.mybatis.spring.mapper.MapperScannerConfigurer">
		<property name="basePackage"
			value="com.jzt.api.dao" />
	</bean>

    <!-- 配置Mybatis的文件 ，mapperLocations配置**Mapper.xml文件位置，configLocation配置mybatis-config文件位置-->
	<bean id="sqlSessionFactory" class="org.mybatis.spring.SqlSessionFactoryBean">
		<property name="dataSource" ref="dataSource" />
        <property name="mapperLocations" value="classpath*:mybatis/sqlMap/**/*.xml"/>  
		<property name="configLocation" value="classpath:mybatis/mybatis-config.xml" />
	</bean>

</beans>