<?xml version="1.0" encoding="UTF-8"?>
<beans xmlns="http://www.springframework.org/schema/beans"
	xmlns:xsi="http://www.w3.org/2001/XMLSchema-instance" xmlns:p="http://www.springframework.org/schema/p"
	xmlns:context="http://www.springframework.org/schema/context"
	xmlns:jee="http://www.springframework.org/schema/jee" xmlns:tx="http://www.springframework.org/schema/tx"
	xmlns:aop="http://www.springframework.org/schema/aop"
	xsi:schemaLocation="
			http://www.springframework.org/schema/beans http://www.springframework.org/schema/beans/spring-beans.xsd
			http://www.springframework.org/schema/context http://www.springframework.org/schema/context/spring-context.xsd">

	<!-- <context:property-placeholder location="classpath:config/system/biz_redis.properties" /> -->

	<bean id="poolConfig" class="redis.clients.jedis.JedisPoolConfig">
		<property name="maxIdle" value="${redis.maxIdle}" />
		<property name="testOnBorrow" value="${redis.testOnBorrow}" />
	</bean>
	
	<bean id="connectionFactory" class="org.springframework.data.redis.connection.jedis.JedisConnectionFactory"
		p:host-name="${redis.host}" p:port="${redis.port}" p:password="${redis.pass}"  p:pool-config-ref="poolConfig"/>
	
	<bean id="redisTemplate" class="org.springframework.data.redis.core.RedisTemplate">
		<property name="connectionFactory" 	ref="connectionFactory" />
	</bean>		
	
</beans>
