<?xml version="1.0" encoding="UTF-8" ?>
<!DOCTYPE mapper PUBLIC "-//mybatis.org//DTD Mapper 3.0//EN" "http://mybatis.org/dtd/mybatis-3-mapper.dtd" >
<mapper namespace="com.jzt.api.dao.AdverProductNowMapper" >
  <resultMap id="BaseResultMap" type="com.jzt.api.domain.AdverProductNow" >
    <!--
      WARNING - @mbggenerated
      This element is automatically generated by MyBatis Generator, do not modify.
      This element was generated on Sun Mar 12 23:14:31 CST 2017.
    -->
    <id column="id" property="id" jdbcType="INTEGER" />
    <result column="feature" property="feature" jdbcType="VARCHAR" />
    <result column="related_admin" property="relatedAdmin" jdbcType="INTEGER" />
    <result column="sort_value" property="sortValue" jdbcType="REAL" />
    <result column="product_id" property="productId" jdbcType="INTEGER" />
    <result column="publish_time" property="publishTime" jdbcType="DATE" />
    <result column="idx" property="idx" jdbcType="INTEGER" />
    <result column="create_time" property="createTime" jdbcType="TIMESTAMP" />
    <result column="update_time" property="updateTime" jdbcType="TIMESTAMP" />
  </resultMap>
  <sql id="Example_Where_Clause" >
    <!--
      WARNING - @mbggenerated
      This element is automatically generated by MyBatis Generator, do not modify.
      This element was generated on Sun Mar 12 23:14:31 CST 2017.
    -->
    <where >
      <foreach collection="oredCriteria" item="criteria" separator="or" >
        <if test="criteria.valid" >
          <trim prefix="(" suffix=")" prefixOverrides="and" >
            <foreach collection="criteria.criteria" item="criterion" >
              <choose >
                <when test="criterion.noValue" >
                  and ${criterion.condition}
                </when>
                <when test="criterion.singleValue" >
                  and ${criterion.condition} #{criterion.value}
                </when>
                <when test="criterion.betweenValue" >
                  and ${criterion.condition} #{criterion.value} and #{criterion.secondValue}
                </when>
                <when test="criterion.listValue" >
                  and ${criterion.condition}
                  <foreach collection="criterion.value" item="listItem" open="(" close=")" separator="," >
                    #{listItem}
                  </foreach>
                </when>
              </choose>
            </foreach>
          </trim>
        </if>
      </foreach>
    </where>
  </sql>
  <sql id="Update_By_Example_Where_Clause" >
    <!--
      WARNING - @mbggenerated
      This element is automatically generated by MyBatis Generator, do not modify.
      This element was generated on Sun Mar 12 23:14:31 CST 2017.
    -->
    <where >
      <foreach collection="example.oredCriteria" item="criteria" separator="or" >
        <if test="criteria.valid" >
          <trim prefix="(" suffix=")" prefixOverrides="and" >
            <foreach collection="criteria.criteria" item="criterion" >
              <choose >
                <when test="criterion.noValue" >
                  and ${criterion.condition}
                </when>
                <when test="criterion.singleValue" >
                  and ${criterion.condition} #{criterion.value}
                </when>
                <when test="criterion.betweenValue" >
                  and ${criterion.condition} #{criterion.value} and #{criterion.secondValue}
                </when>
                <when test="criterion.listValue" >
                  and ${criterion.condition}
                  <foreach collection="criterion.value" item="listItem" open="(" close=")" separator="," >
                    #{listItem}
                  </foreach>
                </when>
              </choose>
            </foreach>
          </trim>
        </if>
      </foreach>
    </where>
  </sql>
  <sql id="Base_Column_List" >
    <!--
      WARNING - @mbggenerated
      This element is automatically generated by MyBatis Generator, do not modify.
      This element was generated on Sun Mar 12 23:14:31 CST 2017.
    -->
    id, feature, related_admin, sort_value, product_id, publish_time, idx, create_time, 
    update_time
  </sql>
  <select id="selectByExample" resultMap="BaseResultMap" parameterType="com.jzt.api.domain.AdverProductNowExample" >
    <!--
      WARNING - @mbggenerated
      This element is automatically generated by MyBatis Generator, do not modify.
      This element was generated on Sun Mar 12 23:14:31 CST 2017.
    -->
    select
    <if test="distinct" >
      distinct
    </if>
    <include refid="Base_Column_List" />
    from adver_product_now
    <if test="_parameter != null" >
      <include refid="Example_Where_Clause" />
    </if>
    <if test="orderByClause != null" >
      order by ${orderByClause}
    </if>
  </select>
  <select id="selectByPrimaryKey" resultMap="BaseResultMap" parameterType="java.lang.Integer" >
    <!--
      WARNING - @mbggenerated
      This element is automatically generated by MyBatis Generator, do not modify.
      This element was generated on Sun Mar 12 23:14:31 CST 2017.
    -->
    select 
    <include refid="Base_Column_List" />
    from adver_product_now
    where id = #{id,jdbcType=INTEGER}
  </select>
  <delete id="deleteByPrimaryKey" parameterType="java.lang.Integer" >
    <!--
      WARNING - @mbggenerated
      This element is automatically generated by MyBatis Generator, do not modify.
      This element was generated on Sun Mar 12 23:14:31 CST 2017.
    -->
    delete from adver_product_now
    where id = #{id,jdbcType=INTEGER}
  </delete>
  <delete id="deleteByExample" parameterType="com.jzt.api.domain.AdverProductNowExample" >
    <!--
      WARNING - @mbggenerated
      This element is automatically generated by MyBatis Generator, do not modify.
      This element was generated on Sun Mar 12 23:14:31 CST 2017.
    -->
    delete from adver_product_now
    <if test="_parameter != null" >
      <include refid="Example_Where_Clause" />
    </if>
  </delete>
  <insert id="insert" parameterType="com.jzt.api.domain.AdverProductNow" >
    <!--
      WARNING - @mbggenerated
      This element is automatically generated by MyBatis Generator, do not modify.
      This element was generated on Sun Mar 12 23:14:31 CST 2017.
    -->
    insert into adver_product_now (id, feature, related_admin, 
      sort_value, product_id, publish_time, 
      idx, create_time, update_time
      )
    values (#{id,jdbcType=INTEGER}, #{feature,jdbcType=VARCHAR}, #{relatedAdmin,jdbcType=INTEGER}, 
      #{sortValue,jdbcType=REAL}, #{productId,jdbcType=INTEGER}, #{publishTime,jdbcType=DATE}, 
      #{idx,jdbcType=INTEGER}, #{createTime,jdbcType=TIMESTAMP}, #{updateTime,jdbcType=TIMESTAMP}
      )
  </insert>
  <insert id="insertSelective" parameterType="com.jzt.api.domain.AdverProductNow" >
    <!--
      WARNING - @mbggenerated
      This element is automatically generated by MyBatis Generator, do not modify.
      This element was generated on Sun Mar 12 23:14:31 CST 2017.
    -->
    insert into adver_product_now
    <trim prefix="(" suffix=")" suffixOverrides="," >
      <if test="id != null" >
        id,
      </if>
      <if test="feature != null" >
        feature,
      </if>
      <if test="relatedAdmin != null" >
        related_admin,
      </if>
      <if test="sortValue != null" >
        sort_value,
      </if>
      <if test="productId != null" >
        product_id,
      </if>
      <if test="publishTime != null" >
        publish_time,
      </if>
      <if test="idx != null" >
        idx,
      </if>
      <if test="createTime != null" >
        create_time,
      </if>
      <if test="updateTime != null" >
        update_time,
      </if>
    </trim>
    <trim prefix="values (" suffix=")" suffixOverrides="," >
      <if test="id != null" >
        #{id,jdbcType=INTEGER},
      </if>
      <if test="feature != null" >
        #{feature,jdbcType=VARCHAR},
      </if>
      <if test="relatedAdmin != null" >
        #{relatedAdmin,jdbcType=INTEGER},
      </if>
      <if test="sortValue != null" >
        #{sortValue,jdbcType=REAL},
      </if>
      <if test="productId != null" >
        #{productId,jdbcType=INTEGER},
      </if>
      <if test="publishTime != null" >
        #{publishTime,jdbcType=DATE},
      </if>
      <if test="idx != null" >
        #{idx,jdbcType=INTEGER},
      </if>
      <if test="createTime != null" >
        #{createTime,jdbcType=TIMESTAMP},
      </if>
      <if test="updateTime != null" >
        #{updateTime,jdbcType=TIMESTAMP},
      </if>
    </trim>
  </insert>
  <select id="countByExample" parameterType="com.jzt.api.domain.AdverProductNowExample" resultType="java.lang.Integer" >
    <!--
      WARNING - @mbggenerated
      This element is automatically generated by MyBatis Generator, do not modify.
      This element was generated on Sun Mar 12 23:14:31 CST 2017.
    -->
    select count(*) from adver_product_now
    <if test="_parameter != null" >
      <include refid="Example_Where_Clause" />
    </if>
  </select>
  <update id="updateByExampleSelective" parameterType="map" >
    <!--
      WARNING - @mbggenerated
      This element is automatically generated by MyBatis Generator, do not modify.
      This element was generated on Sun Mar 12 23:14:31 CST 2017.
    -->
    update adver_product_now
    <set >
      <if test="record.id != null" >
        id = #{record.id,jdbcType=INTEGER},
      </if>
      <if test="record.feature != null" >
        feature = #{record.feature,jdbcType=VARCHAR},
      </if>
      <if test="record.relatedAdmin != null" >
        related_admin = #{record.relatedAdmin,jdbcType=INTEGER},
      </if>
      <if test="record.sortValue != null" >
        sort_value = #{record.sortValue,jdbcType=REAL},
      </if>
      <if test="record.productId != null" >
        product_id = #{record.productId,jdbcType=INTEGER},
      </if>
      <if test="record.publishTime != null" >
        publish_time = #{record.publishTime,jdbcType=DATE},
      </if>
      <if test="record.idx != null" >
        idx = #{record.idx,jdbcType=INTEGER},
      </if>
      <if test="record.createTime != null" >
        create_time = #{record.createTime,jdbcType=TIMESTAMP},
      </if>
      <if test="record.updateTime != null" >
        update_time = #{record.updateTime,jdbcType=TIMESTAMP},
      </if>
    </set>
    <if test="_parameter != null" >
      <include refid="Update_By_Example_Where_Clause" />
    </if>
  </update>
  <update id="updateByExample" parameterType="map" >
    <!--
      WARNING - @mbggenerated
      This element is automatically generated by MyBatis Generator, do not modify.
      This element was generated on Sun Mar 12 23:14:31 CST 2017.
    -->
    update adver_product_now
    set id = #{record.id,jdbcType=INTEGER},
      feature = #{record.feature,jdbcType=VARCHAR},
      related_admin = #{record.relatedAdmin,jdbcType=INTEGER},
      sort_value = #{record.sortValue,jdbcType=REAL},
      product_id = #{record.productId,jdbcType=INTEGER},
      publish_time = #{record.publishTime,jdbcType=DATE},
      idx = #{record.idx,jdbcType=INTEGER},
      create_time = #{record.createTime,jdbcType=TIMESTAMP},
      update_time = #{record.updateTime,jdbcType=TIMESTAMP}
    <if test="_parameter != null" >
      <include refid="Update_By_Example_Where_Clause" />
    </if>
  </update>
  <update id="updateByPrimaryKeySelective" parameterType="com.jzt.api.domain.AdverProductNow" >
    <!--
      WARNING - @mbggenerated
      This element is automatically generated by MyBatis Generator, do not modify.
      This element was generated on Sun Mar 12 23:14:31 CST 2017.
    -->
    update adver_product_now
    <set >
      <if test="feature != null" >
        feature = #{feature,jdbcType=VARCHAR},
      </if>
      <if test="relatedAdmin != null" >
        related_admin = #{relatedAdmin,jdbcType=INTEGER},
      </if>
      <if test="sortValue != null" >
        sort_value = #{sortValue,jdbcType=REAL},
      </if>
      <if test="productId != null" >
        product_id = #{productId,jdbcType=INTEGER},
      </if>
      <if test="publishTime != null" >
        publish_time = #{publishTime,jdbcType=DATE},
      </if>
      <if test="idx != null" >
        idx = #{idx,jdbcType=INTEGER},
      </if>
      <if test="createTime != null" >
        create_time = #{createTime,jdbcType=TIMESTAMP},
      </if>
      <if test="updateTime != null" >
        update_time = #{updateTime,jdbcType=TIMESTAMP},
      </if>
    </set>
    where id = #{id,jdbcType=INTEGER}
  </update>
  <update id="updateByPrimaryKey" parameterType="com.jzt.api.domain.AdverProductNow" >
    <!--
      WARNING - @mbggenerated
      This element is automatically generated by MyBatis Generator, do not modify.
      This element was generated on Sun Mar 12 23:14:31 CST 2017.
    -->
    update adver_product_now
    set feature = #{feature,jdbcType=VARCHAR},
      related_admin = #{relatedAdmin,jdbcType=INTEGER},
      sort_value = #{sortValue,jdbcType=REAL},
      product_id = #{productId,jdbcType=INTEGER},
      publish_time = #{publishTime,jdbcType=DATE},
      idx = #{idx,jdbcType=INTEGER},
      create_time = #{createTime,jdbcType=TIMESTAMP},
      update_time = #{updateTime,jdbcType=TIMESTAMP}
    where id = #{id,jdbcType=INTEGER}
  </update>
</mapper>