<?xml version="1.0" encoding="UTF-8" ?>
<!DOCTYPE mapper PUBLIC "-//mybatis.org//DTD Mapper 3.0//EN" "http://mybatis.org/dtd/mybatis-3-mapper.dtd" >
<mapper namespace="com.jzt.api.dao.AdverContentNowMapper" >
  <resultMap id="BaseResultMap" type="com.jzt.api.domain.AdverContentNow" >
    <!--
      WARNING - @mbggenerated
      This element is automatically generated by MyBatis Generator, do not modify.
      This element was generated on Sun Mar 12 23:14:31 CST 2017.
    -->
    <id column="aId" property="aid" jdbcType="INTEGER" />
    <result column="description" property="description" jdbcType="CHAR" />
    <result column="width" property="width" jdbcType="INTEGER" />
    <result column="height" property="height" jdbcType="INTEGER" />
    <result column="img_path" property="imgPath" jdbcType="CHAR" />
    <result column="relate_admin" property="relateAdmin" jdbcType="INTEGER" />
    <result column="publish_time" property="publishTime" jdbcType="DATE" />
    <result column="title" property="title" jdbcType="VARCHAR" />
    <result column="link_url" property="linkUrl" jdbcType="VARCHAR" />
    <result column="ad_type" property="adType" jdbcType="INTEGER" />
    <result column="create_time" property="createTime" jdbcType="TIMESTAMP" />
    <result column="update_time" property="updateTime" jdbcType="TIMESTAMP" />
  </resultMap>
  <sql id="Example_Where_Clause" >
    <!--
      WARNING - @mbggenerated
      This element is automatically generated by MyBatis Generator, do not modify.
      This element was generated on Sun Mar 12 23:14:31 CST 2017.
    -->
    <where >
      <foreach collection="oredCriteria" item="criteria" separator="or" >
        <if test="criteria.valid" >
          <trim prefix="(" suffix=")" prefixOverrides="and" >
            <foreach collection="criteria.criteria" item="criterion" >
              <choose >
                <when test="criterion.noValue" >
                  and ${criterion.condition}
                </when>
                <when test="criterion.singleValue" >
                  and ${criterion.condition} #{criterion.value}
                </when>
                <when test="criterion.betweenValue" >
                  and ${criterion.condition} #{criterion.value} and #{criterion.secondValue}
                </when>
                <when test="criterion.listValue" >
                  and ${criterion.condition}
                  <foreach collection="criterion.value" item="listItem" open="(" close=")" separator="," >
                    #{listItem}
                  </foreach>
                </when>
              </choose>
            </foreach>
          </trim>
        </if>
      </foreach>
    </where>
  </sql>
  <sql id="Update_By_Example_Where_Clause" >
    <!--
      WARNING - @mbggenerated
      This element is automatically generated by MyBatis Generator, do not modify.
      This element was generated on Sun Mar 12 23:14:31 CST 2017.
    -->
    <where >
      <foreach collection="example.oredCriteria" item="criteria" separator="or" >
        <if test="criteria.valid" >
          <trim prefix="(" suffix=")" prefixOverrides="and" >
            <foreach collection="criteria.criteria" item="criterion" >
              <choose >
                <when test="criterion.noValue" >
                  and ${criterion.condition}
                </when>
                <when test="criterion.singleValue" >
                  and ${criterion.condition} #{criterion.value}
                </when>
                <when test="criterion.betweenValue" >
                  and ${criterion.condition} #{criterion.value} and #{criterion.secondValue}
                </when>
                <when test="criterion.listValue" >
                  and ${criterion.condition}
                  <foreach collection="criterion.value" item="listItem" open="(" close=")" separator="," >
                    #{listItem}
                  </foreach>
                </when>
              </choose>
            </foreach>
          </trim>
        </if>
      </foreach>
    </where>
  </sql>
  <sql id="Base_Column_List" >
    <!--
      WARNING - @mbggenerated
      This element is automatically generated by MyBatis Generator, do not modify.
      This element was generated on Sun Mar 12 23:14:31 CST 2017.
    -->
    aId, description, width, height, img_path, relate_admin, publish_time, title, link_url, 
    ad_type, create_time, update_time
  </sql>
  <select id="selectByExample" resultMap="BaseResultMap" parameterType="com.jzt.api.domain.AdverContentNowExample" >
    <!--
      WARNING - @mbggenerated
      This element is automatically generated by MyBatis Generator, do not modify.
      This element was generated on Sun Mar 12 23:14:31 CST 2017.
    -->
    select
    <if test="distinct" >
      distinct
    </if>
    <include refid="Base_Column_List" />
    from adver_content_now
    <if test="_parameter != null" >
      <include refid="Example_Where_Clause" />
    </if>
    <if test="orderByClause != null" >
      order by ${orderByClause}
    </if>
  </select>
  <select id="selectByPrimaryKey" resultMap="BaseResultMap" parameterType="java.lang.Integer" >
    <!--
      WARNING - @mbggenerated
      This element is automatically generated by MyBatis Generator, do not modify.
      This element was generated on Sun Mar 12 23:14:31 CST 2017.
    -->
    select 
    <include refid="Base_Column_List" />
    from adver_content_now
    where aId = #{aid,jdbcType=INTEGER}
  </select>
  <delete id="deleteByPrimaryKey" parameterType="java.lang.Integer" >
    <!--
      WARNING - @mbggenerated
      This element is automatically generated by MyBatis Generator, do not modify.
      This element was generated on Sun Mar 12 23:14:31 CST 2017.
    -->
    delete from adver_content_now
    where aId = #{aid,jdbcType=INTEGER}
  </delete>
  <delete id="deleteByExample" parameterType="com.jzt.api.domain.AdverContentNowExample" >
    <!--
      WARNING - @mbggenerated
      This element is automatically generated by MyBatis Generator, do not modify.
      This element was generated on Sun Mar 12 23:14:31 CST 2017.
    -->
    delete from adver_content_now
    <if test="_parameter != null" >
      <include refid="Example_Where_Clause" />
    </if>
  </delete>
  <insert id="insert" parameterType="com.jzt.api.domain.AdverContentNow" >
    <!--
      WARNING - @mbggenerated
      This element is automatically generated by MyBatis Generator, do not modify.
      This element was generated on Sun Mar 12 23:14:31 CST 2017.
    -->
    insert into adver_content_now (aId, description, width, 
      height, img_path, relate_admin, 
      publish_time, title, link_url, 
      ad_type, create_time, update_time
      )
    values (#{aid,jdbcType=INTEGER}, #{description,jdbcType=CHAR}, #{width,jdbcType=INTEGER}, 
      #{height,jdbcType=INTEGER}, #{imgPath,jdbcType=CHAR}, #{relateAdmin,jdbcType=INTEGER}, 
      #{publishTime,jdbcType=DATE}, #{title,jdbcType=VARCHAR}, #{linkUrl,jdbcType=VARCHAR}, 
      #{adType,jdbcType=INTEGER}, #{createTime,jdbcType=TIMESTAMP}, #{updateTime,jdbcType=TIMESTAMP}
      )
  </insert>
  <insert id="insertSelective" parameterType="com.jzt.api.domain.AdverContentNow" >
    <!--
      WARNING - @mbggenerated
      This element is automatically generated by MyBatis Generator, do not modify.
      This element was generated on Sun Mar 12 23:14:31 CST 2017.
    -->
    insert into adver_content_now
    <trim prefix="(" suffix=")" suffixOverrides="," >
      <if test="aid != null" >
        aId,
      </if>
      <if test="description != null" >
        description,
      </if>
      <if test="width != null" >
        width,
      </if>
      <if test="height != null" >
        height,
      </if>
      <if test="imgPath != null" >
        img_path,
      </if>
      <if test="relateAdmin != null" >
        relate_admin,
      </if>
      <if test="publishTime != null" >
        publish_time,
      </if>
      <if test="title != null" >
        title,
      </if>
      <if test="linkUrl != null" >
        link_url,
      </if>
      <if test="adType != null" >
        ad_type,
      </if>
      <if test="createTime != null" >
        create_time,
      </if>
      <if test="updateTime != null" >
        update_time,
      </if>
    </trim>
    <trim prefix="values (" suffix=")" suffixOverrides="," >
      <if test="aid != null" >
        #{aid,jdbcType=INTEGER},
      </if>
      <if test="description != null" >
        #{description,jdbcType=CHAR},
      </if>
      <if test="width != null" >
        #{width,jdbcType=INTEGER},
      </if>
      <if test="height != null" >
        #{height,jdbcType=INTEGER},
      </if>
      <if test="imgPath != null" >
        #{imgPath,jdbcType=CHAR},
      </if>
      <if test="relateAdmin != null" >
        #{relateAdmin,jdbcType=INTEGER},
      </if>
      <if test="publishTime != null" >
        #{publishTime,jdbcType=DATE},
      </if>
      <if test="title != null" >
        #{title,jdbcType=VARCHAR},
      </if>
      <if test="linkUrl != null" >
        #{linkUrl,jdbcType=VARCHAR},
      </if>
      <if test="adType != null" >
        #{adType,jdbcType=INTEGER},
      </if>
      <if test="createTime != null" >
        #{createTime,jdbcType=TIMESTAMP},
      </if>
      <if test="updateTime != null" >
        #{updateTime,jdbcType=TIMESTAMP},
      </if>
    </trim>
  </insert>
  <select id="countByExample" parameterType="com.jzt.api.domain.AdverContentNowExample" resultType="java.lang.Integer" >
    <!--
      WARNING - @mbggenerated
      This element is automatically generated by MyBatis Generator, do not modify.
      This element was generated on Sun Mar 12 23:14:31 CST 2017.
    -->
    select count(*) from adver_content_now
    <if test="_parameter != null" >
      <include refid="Example_Where_Clause" />
    </if>
  </select>
  <update id="updateByExampleSelective" parameterType="map" >
    <!--
      WARNING - @mbggenerated
      This element is automatically generated by MyBatis Generator, do not modify.
      This element was generated on Sun Mar 12 23:14:31 CST 2017.
    -->
    update adver_content_now
    <set >
      <if test="record.aid != null" >
        aId = #{record.aid,jdbcType=INTEGER},
      </if>
      <if test="record.description != null" >
        description = #{record.description,jdbcType=CHAR},
      </if>
      <if test="record.width != null" >
        width = #{record.width,jdbcType=INTEGER},
      </if>
      <if test="record.height != null" >
        height = #{record.height,jdbcType=INTEGER},
      </if>
      <if test="record.imgPath != null" >
        img_path = #{record.imgPath,jdbcType=CHAR},
      </if>
      <if test="record.relateAdmin != null" >
        relate_admin = #{record.relateAdmin,jdbcType=INTEGER},
      </if>
      <if test="record.publishTime != null" >
        publish_time = #{record.publishTime,jdbcType=DATE},
      </if>
      <if test="record.title != null" >
        title = #{record.title,jdbcType=VARCHAR},
      </if>
      <if test="record.linkUrl != null" >
        link_url = #{record.linkUrl,jdbcType=VARCHAR},
      </if>
      <if test="record.adType != null" >
        ad_type = #{record.adType,jdbcType=INTEGER},
      </if>
      <if test="record.createTime != null" >
        create_time = #{record.createTime,jdbcType=TIMESTAMP},
      </if>
      <if test="record.updateTime != null" >
        update_time = #{record.updateTime,jdbcType=TIMESTAMP},
      </if>
    </set>
    <if test="_parameter != null" >
      <include refid="Update_By_Example_Where_Clause" />
    </if>
  </update>
  <update id="updateByExample" parameterType="map" >
    <!--
      WARNING - @mbggenerated
      This element is automatically generated by MyBatis Generator, do not modify.
      This element was generated on Sun Mar 12 23:14:31 CST 2017.
    -->
    update adver_content_now
    set aId = #{record.aid,jdbcType=INTEGER},
      description = #{record.description,jdbcType=CHAR},
      width = #{record.width,jdbcType=INTEGER},
      height = #{record.height,jdbcType=INTEGER},
      img_path = #{record.imgPath,jdbcType=CHAR},
      relate_admin = #{record.relateAdmin,jdbcType=INTEGER},
      publish_time = #{record.publishTime,jdbcType=DATE},
      title = #{record.title,jdbcType=VARCHAR},
      link_url = #{record.linkUrl,jdbcType=VARCHAR},
      ad_type = #{record.adType,jdbcType=INTEGER},
      create_time = #{record.createTime,jdbcType=TIMESTAMP},
      update_time = #{record.updateTime,jdbcType=TIMESTAMP}
    <if test="_parameter != null" >
      <include refid="Update_By_Example_Where_Clause" />
    </if>
  </update>
  <update id="updateByPrimaryKeySelective" parameterType="com.jzt.api.domain.AdverContentNow" >
    <!--
      WARNING - @mbggenerated
      This element is automatically generated by MyBatis Generator, do not modify.
      This element was generated on Sun Mar 12 23:14:31 CST 2017.
    -->
    update adver_content_now
    <set >
      <if test="description != null" >
        description = #{description,jdbcType=CHAR},
      </if>
      <if test="width != null" >
        width = #{width,jdbcType=INTEGER},
      </if>
      <if test="height != null" >
        height = #{height,jdbcType=INTEGER},
      </if>
      <if test="imgPath != null" >
        img_path = #{imgPath,jdbcType=CHAR},
      </if>
      <if test="relateAdmin != null" >
        relate_admin = #{relateAdmin,jdbcType=INTEGER},
      </if>
      <if test="publishTime != null" >
        publish_time = #{publishTime,jdbcType=DATE},
      </if>
      <if test="title != null" >
        title = #{title,jdbcType=VARCHAR},
      </if>
      <if test="linkUrl != null" >
        link_url = #{linkUrl,jdbcType=VARCHAR},
      </if>
      <if test="adType != null" >
        ad_type = #{adType,jdbcType=INTEGER},
      </if>
      <if test="createTime != null" >
        create_time = #{createTime,jdbcType=TIMESTAMP},
      </if>
      <if test="updateTime != null" >
        update_time = #{updateTime,jdbcType=TIMESTAMP},
      </if>
    </set>
    where aId = #{aid,jdbcType=INTEGER}
  </update>
  <update id="updateByPrimaryKey" parameterType="com.jzt.api.domain.AdverContentNow" >
    <!--
      WARNING - @mbggenerated
      This element is automatically generated by MyBatis Generator, do not modify.
      This element was generated on Sun Mar 12 23:14:31 CST 2017.
    -->
    update adver_content_now
    set description = #{description,jdbcType=CHAR},
      width = #{width,jdbcType=INTEGER},
      height = #{height,jdbcType=INTEGER},
      img_path = #{imgPath,jdbcType=CHAR},
      relate_admin = #{relateAdmin,jdbcType=INTEGER},
      publish_time = #{publishTime,jdbcType=DATE},
      title = #{title,jdbcType=VARCHAR},
      link_url = #{linkUrl,jdbcType=VARCHAR},
      ad_type = #{adType,jdbcType=INTEGER},
      create_time = #{createTime,jdbcType=TIMESTAMP},
      update_time = #{updateTime,jdbcType=TIMESTAMP}
    where aId = #{aid,jdbcType=INTEGER}
  </update>
</mapper>