<?xml version="1.0" encoding="UTF-8" ?>
<!DOCTYPE mapper PUBLIC "-//mybatis.org//DTD Mapper 3.0//EN" "http://mybatis.org/dtd/mybatis-3-mapper.dtd" >
<mapper namespace="com.jzt.api.dao.BankInfoMapper" >
  <resultMap id="BaseResultMap" type="com.jzt.api.domain.BankInfo" >
    <!--
      WARNING - @mbggenerated
      This element is automatically generated by MyBatis Generator, do not modify.
      This element was generated on Sun Mar 12 23:14:32 CST 2017.
    -->
    <id column="id" property="id" jdbcType="INTEGER" />
    <result column="plat_id" property="platId" jdbcType="INTEGER" />
    <result column="start_date" property="startDate" jdbcType="DATE" />
    <result column="end_date" property="endDate" jdbcType="DATE" />
    <result column="total_profit" property="totalProfit" jdbcType="DOUBLE" />
    <result column="total_equity" property="totalEquity" jdbcType="DOUBLE" />
    <result column="bad_asset" property="badAsset" jdbcType="DOUBLE" />
    <result column="bad_loan_rate" property="badLoanRate" jdbcType="DOUBLE" />
    <result column="total_provision" property="totalProvision" jdbcType="DOUBLE" />
    <result column="loss_asset" property="lossAsset" jdbcType="DOUBLE" />
    <result column="total_asset" property="totalAsset" jdbcType="DOUBLE" />
    <result column="total_deposit" property="totalDeposit" jdbcType="DOUBLE" />
    <result column="total_loan" property="totalLoan" jdbcType="DOUBLE" />
    <result column="total_other" property="totalOther" jdbcType="DOUBLE" />
    <result column="income" property="income" jdbcType="DOUBLE" />
    <result column="interest_income" property="interestIncome" jdbcType="DOUBLE" />
    <result column="commission" property="commission" jdbcType="DOUBLE" />
    <result column="stockholder_num" property="stockholderNum" jdbcType="INTEGER" />
    <result column="is_delete" property="isDelete" jdbcType="INTEGER" />
    <result column="create_time" property="createTime" jdbcType="TIMESTAMP" />
    <result column="update_time" property="updateTime" jdbcType="TIMESTAMP" />
  </resultMap>
  <sql id="Example_Where_Clause" >
    <!--
      WARNING - @mbggenerated
      This element is automatically generated by MyBatis Generator, do not modify.
      This element was generated on Sun Mar 12 23:14:32 CST 2017.
    -->
    <where >
      <foreach collection="oredCriteria" item="criteria" separator="or" >
        <if test="criteria.valid" >
          <trim prefix="(" suffix=")" prefixOverrides="and" >
            <foreach collection="criteria.criteria" item="criterion" >
              <choose >
                <when test="criterion.noValue" >
                  and ${criterion.condition}
                </when>
                <when test="criterion.singleValue" >
                  and ${criterion.condition} #{criterion.value}
                </when>
                <when test="criterion.betweenValue" >
                  and ${criterion.condition} #{criterion.value} and #{criterion.secondValue}
                </when>
                <when test="criterion.listValue" >
                  and ${criterion.condition}
                  <foreach collection="criterion.value" item="listItem" open="(" close=")" separator="," >
                    #{listItem}
                  </foreach>
                </when>
              </choose>
            </foreach>
          </trim>
        </if>
      </foreach>
    </where>
  </sql>
  <sql id="Update_By_Example_Where_Clause" >
    <!--
      WARNING - @mbggenerated
      This element is automatically generated by MyBatis Generator, do not modify.
      This element was generated on Sun Mar 12 23:14:32 CST 2017.
    -->
    <where >
      <foreach collection="example.oredCriteria" item="criteria" separator="or" >
        <if test="criteria.valid" >
          <trim prefix="(" suffix=")" prefixOverrides="and" >
            <foreach collection="criteria.criteria" item="criterion" >
              <choose >
                <when test="criterion.noValue" >
                  and ${criterion.condition}
                </when>
                <when test="criterion.singleValue" >
                  and ${criterion.condition} #{criterion.value}
                </when>
                <when test="criterion.betweenValue" >
                  and ${criterion.condition} #{criterion.value} and #{criterion.secondValue}
                </when>
                <when test="criterion.listValue" >
                  and ${criterion.condition}
                  <foreach collection="criterion.value" item="listItem" open="(" close=")" separator="," >
                    #{listItem}
                  </foreach>
                </when>
              </choose>
            </foreach>
          </trim>
        </if>
      </foreach>
    </where>
  </sql>
  <sql id="Base_Column_List" >
    <!--
      WARNING - @mbggenerated
      This element is automatically generated by MyBatis Generator, do not modify.
      This element was generated on Sun Mar 12 23:14:32 CST 2017.
    -->
    id, plat_id, start_date, end_date, total_profit, total_equity, bad_asset, bad_loan_rate, 
    total_provision, loss_asset, total_asset, total_deposit, total_loan, total_other, 
    income, interest_income, commission, stockholder_num, is_delete, create_time, update_time
  </sql>
  <select id="selectByExample" resultMap="BaseResultMap" parameterType="com.jzt.api.domain.BankInfoExample" >
    <!--
      WARNING - @mbggenerated
      This element is automatically generated by MyBatis Generator, do not modify.
      This element was generated on Sun Mar 12 23:14:32 CST 2017.
    -->
    select
    <if test="distinct" >
      distinct
    </if>
    <include refid="Base_Column_List" />
    from bank_info
    <if test="_parameter != null" >
      <include refid="Example_Where_Clause" />
    </if>
    <if test="orderByClause != null" >
      order by ${orderByClause}
    </if>
  </select>
  <select id="selectByPrimaryKey" resultMap="BaseResultMap" parameterType="java.lang.Integer" >
    <!--
      WARNING - @mbggenerated
      This element is automatically generated by MyBatis Generator, do not modify.
      This element was generated on Sun Mar 12 23:14:32 CST 2017.
    -->
    select 
    <include refid="Base_Column_List" />
    from bank_info
    where id = #{id,jdbcType=INTEGER}
  </select>
  <delete id="deleteByPrimaryKey" parameterType="java.lang.Integer" >
    <!--
      WARNING - @mbggenerated
      This element is automatically generated by MyBatis Generator, do not modify.
      This element was generated on Sun Mar 12 23:14:32 CST 2017.
    -->
    delete from bank_info
    where id = #{id,jdbcType=INTEGER}
  </delete>
  <delete id="deleteByExample" parameterType="com.jzt.api.domain.BankInfoExample" >
    <!--
      WARNING - @mbggenerated
      This element is automatically generated by MyBatis Generator, do not modify.
      This element was generated on Sun Mar 12 23:14:32 CST 2017.
    -->
    delete from bank_info
    <if test="_parameter != null" >
      <include refid="Example_Where_Clause" />
    </if>
  </delete>
  <insert id="insert" parameterType="com.jzt.api.domain.BankInfo" >
    <!--
      WARNING - @mbggenerated
      This element is automatically generated by MyBatis Generator, do not modify.
      This element was generated on Sun Mar 12 23:14:32 CST 2017.
    -->
    insert into bank_info (id, plat_id, start_date, 
      end_date, total_profit, total_equity, 
      bad_asset, bad_loan_rate, total_provision, 
      loss_asset, total_asset, total_deposit, 
      total_loan, total_other, income, 
      interest_income, commission, stockholder_num, 
      is_delete, create_time, update_time
      )
    values (#{id,jdbcType=INTEGER}, #{platId,jdbcType=INTEGER}, #{startDate,jdbcType=DATE}, 
      #{endDate,jdbcType=DATE}, #{totalProfit,jdbcType=DOUBLE}, #{totalEquity,jdbcType=DOUBLE}, 
      #{badAsset,jdbcType=DOUBLE}, #{badLoanRate,jdbcType=DOUBLE}, #{totalProvision,jdbcType=DOUBLE}, 
      #{lossAsset,jdbcType=DOUBLE}, #{totalAsset,jdbcType=DOUBLE}, #{totalDeposit,jdbcType=DOUBLE}, 
      #{totalLoan,jdbcType=DOUBLE}, #{totalOther,jdbcType=DOUBLE}, #{income,jdbcType=DOUBLE}, 
      #{interestIncome,jdbcType=DOUBLE}, #{commission,jdbcType=DOUBLE}, #{stockholderNum,jdbcType=INTEGER}, 
      #{isDelete,jdbcType=INTEGER}, #{createTime,jdbcType=TIMESTAMP}, #{updateTime,jdbcType=TIMESTAMP}
      )
  </insert>
  <insert id="insertSelective" parameterType="com.jzt.api.domain.BankInfo" >
    <!--
      WARNING - @mbggenerated
      This element is automatically generated by MyBatis Generator, do not modify.
      This element was generated on Sun Mar 12 23:14:32 CST 2017.
    -->
    insert into bank_info
    <trim prefix="(" suffix=")" suffixOverrides="," >
      <if test="id != null" >
        id,
      </if>
      <if test="platId != null" >
        plat_id,
      </if>
      <if test="startDate != null" >
        start_date,
      </if>
      <if test="endDate != null" >
        end_date,
      </if>
      <if test="totalProfit != null" >
        total_profit,
      </if>
      <if test="totalEquity != null" >
        total_equity,
      </if>
      <if test="badAsset != null" >
        bad_asset,
      </if>
      <if test="badLoanRate != null" >
        bad_loan_rate,
      </if>
      <if test="totalProvision != null" >
        total_provision,
      </if>
      <if test="lossAsset != null" >
        loss_asset,
      </if>
      <if test="totalAsset != null" >
        total_asset,
      </if>
      <if test="totalDeposit != null" >
        total_deposit,
      </if>
      <if test="totalLoan != null" >
        total_loan,
      </if>
      <if test="totalOther != null" >
        total_other,
      </if>
      <if test="income != null" >
        income,
      </if>
      <if test="interestIncome != null" >
        interest_income,
      </if>
      <if test="commission != null" >
        commission,
      </if>
      <if test="stockholderNum != null" >
        stockholder_num,
      </if>
      <if test="isDelete != null" >
        is_delete,
      </if>
      <if test="createTime != null" >
        create_time,
      </if>
      <if test="updateTime != null" >
        update_time,
      </if>
    </trim>
    <trim prefix="values (" suffix=")" suffixOverrides="," >
      <if test="id != null" >
        #{id,jdbcType=INTEGER},
      </if>
      <if test="platId != null" >
        #{platId,jdbcType=INTEGER},
      </if>
      <if test="startDate != null" >
        #{startDate,jdbcType=DATE},
      </if>
      <if test="endDate != null" >
        #{endDate,jdbcType=DATE},
      </if>
      <if test="totalProfit != null" >
        #{totalProfit,jdbcType=DOUBLE},
      </if>
      <if test="totalEquity != null" >
        #{totalEquity,jdbcType=DOUBLE},
      </if>
      <if test="badAsset != null" >
        #{badAsset,jdbcType=DOUBLE},
      </if>
      <if test="badLoanRate != null" >
        #{badLoanRate,jdbcType=DOUBLE},
      </if>
      <if test="totalProvision != null" >
        #{totalProvision,jdbcType=DOUBLE},
      </if>
      <if test="lossAsset != null" >
        #{lossAsset,jdbcType=DOUBLE},
      </if>
      <if test="totalAsset != null" >
        #{totalAsset,jdbcType=DOUBLE},
      </if>
      <if test="totalDeposit != null" >
        #{totalDeposit,jdbcType=DOUBLE},
      </if>
      <if test="totalLoan != null" >
        #{totalLoan,jdbcType=DOUBLE},
      </if>
      <if test="totalOther != null" >
        #{totalOther,jdbcType=DOUBLE},
      </if>
      <if test="income != null" >
        #{income,jdbcType=DOUBLE},
      </if>
      <if test="interestIncome != null" >
        #{interestIncome,jdbcType=DOUBLE},
      </if>
      <if test="commission != null" >
        #{commission,jdbcType=DOUBLE},
      </if>
      <if test="stockholderNum != null" >
        #{stockholderNum,jdbcType=INTEGER},
      </if>
      <if test="isDelete != null" >
        #{isDelete,jdbcType=INTEGER},
      </if>
      <if test="createTime != null" >
        #{createTime,jdbcType=TIMESTAMP},
      </if>
      <if test="updateTime != null" >
        #{updateTime,jdbcType=TIMESTAMP},
      </if>
    </trim>
  </insert>
  <select id="countByExample" parameterType="com.jzt.api.domain.BankInfoExample" resultType="java.lang.Integer" >
    <!--
      WARNING - @mbggenerated
      This element is automatically generated by MyBatis Generator, do not modify.
      This element was generated on Sun Mar 12 23:14:32 CST 2017.
    -->
    select count(*) from bank_info
    <if test="_parameter != null" >
      <include refid="Example_Where_Clause" />
    </if>
  </select>
  <update id="updateByExampleSelective" parameterType="map" >
    <!--
      WARNING - @mbggenerated
      This element is automatically generated by MyBatis Generator, do not modify.
      This element was generated on Sun Mar 12 23:14:32 CST 2017.
    -->
    update bank_info
    <set >
      <if test="record.id != null" >
        id = #{record.id,jdbcType=INTEGER},
      </if>
      <if test="record.platId != null" >
        plat_id = #{record.platId,jdbcType=INTEGER},
      </if>
      <if test="record.startDate != null" >
        start_date = #{record.startDate,jdbcType=DATE},
      </if>
      <if test="record.endDate != null" >
        end_date = #{record.endDate,jdbcType=DATE},
      </if>
      <if test="record.totalProfit != null" >
        total_profit = #{record.totalProfit,jdbcType=DOUBLE},
      </if>
      <if test="record.totalEquity != null" >
        total_equity = #{record.totalEquity,jdbcType=DOUBLE},
      </if>
      <if test="record.badAsset != null" >
        bad_asset = #{record.badAsset,jdbcType=DOUBLE},
      </if>
      <if test="record.badLoanRate != null" >
        bad_loan_rate = #{record.badLoanRate,jdbcType=DOUBLE},
      </if>
      <if test="record.totalProvision != null" >
        total_provision = #{record.totalProvision,jdbcType=DOUBLE},
      </if>
      <if test="record.lossAsset != null" >
        loss_asset = #{record.lossAsset,jdbcType=DOUBLE},
      </if>
      <if test="record.totalAsset != null" >
        total_asset = #{record.totalAsset,jdbcType=DOUBLE},
      </if>
      <if test="record.totalDeposit != null" >
        total_deposit = #{record.totalDeposit,jdbcType=DOUBLE},
      </if>
      <if test="record.totalLoan != null" >
        total_loan = #{record.totalLoan,jdbcType=DOUBLE},
      </if>
      <if test="record.totalOther != null" >
        total_other = #{record.totalOther,jdbcType=DOUBLE},
      </if>
      <if test="record.income != null" >
        income = #{record.income,jdbcType=DOUBLE},
      </if>
      <if test="record.interestIncome != null" >
        interest_income = #{record.interestIncome,jdbcType=DOUBLE},
      </if>
      <if test="record.commission != null" >
        commission = #{record.commission,jdbcType=DOUBLE},
      </if>
      <if test="record.stockholderNum != null" >
        stockholder_num = #{record.stockholderNum,jdbcType=INTEGER},
      </if>
      <if test="record.isDelete != null" >
        is_delete = #{record.isDelete,jdbcType=INTEGER},
      </if>
      <if test="record.createTime != null" >
        create_time = #{record.createTime,jdbcType=TIMESTAMP},
      </if>
      <if test="record.updateTime != null" >
        update_time = #{record.updateTime,jdbcType=TIMESTAMP},
      </if>
    </set>
    <if test="_parameter != null" >
      <include refid="Update_By_Example_Where_Clause" />
    </if>
  </update>
  <update id="updateByExample" parameterType="map" >
    <!--
      WARNING - @mbggenerated
      This element is automatically generated by MyBatis Generator, do not modify.
      This element was generated on Sun Mar 12 23:14:32 CST 2017.
    -->
    update bank_info
    set id = #{record.id,jdbcType=INTEGER},
      plat_id = #{record.platId,jdbcType=INTEGER},
      start_date = #{record.startDate,jdbcType=DATE},
      end_date = #{record.endDate,jdbcType=DATE},
      total_profit = #{record.totalProfit,jdbcType=DOUBLE},
      total_equity = #{record.totalEquity,jdbcType=DOUBLE},
      bad_asset = #{record.badAsset,jdbcType=DOUBLE},
      bad_loan_rate = #{record.badLoanRate,jdbcType=DOUBLE},
      total_provision = #{record.totalProvision,jdbcType=DOUBLE},
      loss_asset = #{record.lossAsset,jdbcType=DOUBLE},
      total_asset = #{record.totalAsset,jdbcType=DOUBLE},
      total_deposit = #{record.totalDeposit,jdbcType=DOUBLE},
      total_loan = #{record.totalLoan,jdbcType=DOUBLE},
      total_other = #{record.totalOther,jdbcType=DOUBLE},
      income = #{record.income,jdbcType=DOUBLE},
      interest_income = #{record.interestIncome,jdbcType=DOUBLE},
      commission = #{record.commission,jdbcType=DOUBLE},
      stockholder_num = #{record.stockholderNum,jdbcType=INTEGER},
      is_delete = #{record.isDelete,jdbcType=INTEGER},
      create_time = #{record.createTime,jdbcType=TIMESTAMP},
      update_time = #{record.updateTime,jdbcType=TIMESTAMP}
    <if test="_parameter != null" >
      <include refid="Update_By_Example_Where_Clause" />
    </if>
  </update>
  <update id="updateByPrimaryKeySelective" parameterType="com.jzt.api.domain.BankInfo" >
    <!--
      WARNING - @mbggenerated
      This element is automatically generated by MyBatis Generator, do not modify.
      This element was generated on Sun Mar 12 23:14:32 CST 2017.
    -->
    update bank_info
    <set >
      <if test="platId != null" >
        plat_id = #{platId,jdbcType=INTEGER},
      </if>
      <if test="startDate != null" >
        start_date = #{startDate,jdbcType=DATE},
      </if>
      <if test="endDate != null" >
        end_date = #{endDate,jdbcType=DATE},
      </if>
      <if test="totalProfit != null" >
        total_profit = #{totalProfit,jdbcType=DOUBLE},
      </if>
      <if test="totalEquity != null" >
        total_equity = #{totalEquity,jdbcType=DOUBLE},
      </if>
      <if test="badAsset != null" >
        bad_asset = #{badAsset,jdbcType=DOUBLE},
      </if>
      <if test="badLoanRate != null" >
        bad_loan_rate = #{badLoanRate,jdbcType=DOUBLE},
      </if>
      <if test="totalProvision != null" >
        total_provision = #{totalProvision,jdbcType=DOUBLE},
      </if>
      <if test="lossAsset != null" >
        loss_asset = #{lossAsset,jdbcType=DOUBLE},
      </if>
      <if test="totalAsset != null" >
        total_asset = #{totalAsset,jdbcType=DOUBLE},
      </if>
      <if test="totalDeposit != null" >
        total_deposit = #{totalDeposit,jdbcType=DOUBLE},
      </if>
      <if test="totalLoan != null" >
        total_loan = #{totalLoan,jdbcType=DOUBLE},
      </if>
      <if test="totalOther != null" >
        total_other = #{totalOther,jdbcType=DOUBLE},
      </if>
      <if test="income != null" >
        income = #{income,jdbcType=DOUBLE},
      </if>
      <if test="interestIncome != null" >
        interest_income = #{interestIncome,jdbcType=DOUBLE},
      </if>
      <if test="commission != null" >
        commission = #{commission,jdbcType=DOUBLE},
      </if>
      <if test="stockholderNum != null" >
        stockholder_num = #{stockholderNum,jdbcType=INTEGER},
      </if>
      <if test="isDelete != null" >
        is_delete = #{isDelete,jdbcType=INTEGER},
      </if>
      <if test="createTime != null" >
        create_time = #{createTime,jdbcType=TIMESTAMP},
      </if>
      <if test="updateTime != null" >
        update_time = #{updateTime,jdbcType=TIMESTAMP},
      </if>
    </set>
    where id = #{id,jdbcType=INTEGER}
  </update>
  <update id="updateByPrimaryKey" parameterType="com.jzt.api.domain.BankInfo" >
    <!--
      WARNING - @mbggenerated
      This element is automatically generated by MyBatis Generator, do not modify.
      This element was generated on Sun Mar 12 23:14:32 CST 2017.
    -->
    update bank_info
    set plat_id = #{platId,jdbcType=INTEGER},
      start_date = #{startDate,jdbcType=DATE},
      end_date = #{endDate,jdbcType=DATE},
      total_profit = #{totalProfit,jdbcType=DOUBLE},
      total_equity = #{totalEquity,jdbcType=DOUBLE},
      bad_asset = #{badAsset,jdbcType=DOUBLE},
      bad_loan_rate = #{badLoanRate,jdbcType=DOUBLE},
      total_provision = #{totalProvision,jdbcType=DOUBLE},
      loss_asset = #{lossAsset,jdbcType=DOUBLE},
      total_asset = #{totalAsset,jdbcType=DOUBLE},
      total_deposit = #{totalDeposit,jdbcType=DOUBLE},
      total_loan = #{totalLoan,jdbcType=DOUBLE},
      total_other = #{totalOther,jdbcType=DOUBLE},
      income = #{income,jdbcType=DOUBLE},
      interest_income = #{interestIncome,jdbcType=DOUBLE},
      commission = #{commission,jdbcType=DOUBLE},
      stockholder_num = #{stockholderNum,jdbcType=INTEGER},
      is_delete = #{isDelete,jdbcType=INTEGER},
      create_time = #{createTime,jdbcType=TIMESTAMP},
      update_time = #{updateTime,jdbcType=TIMESTAMP}
    where id = #{id,jdbcType=INTEGER}
  </update>
</mapper>