<?xml version="1.0" encoding="UTF-8" ?>
<!DOCTYPE mapper PUBLIC "-//mybatis.org//DTD Mapper 3.0//EN" "http://mybatis.org/dtd/mybatis-3-mapper.dtd" >
<mapper namespace="com.jzt.api.dao.BankProductMapper" >
  <resultMap id="BaseResultMap" type="com.jzt.api.domain.BankProduct" >
    <!--
      WARNING - @mbggenerated
      This element is automatically generated by MyBatis Generator, do not modify.
      This element was generated on Sun Mar 12 23:14:32 CST 2017.
    -->
    <id column="id" property="id" jdbcType="INTEGER" />
    <result column="plat_id" property="platId" jdbcType="INTEGER" />
    <result column="name" property="name" jdbcType="VARCHAR" />
    <result column="product_num" property="productNum" jdbcType="VARCHAR" />
    <result column="period_num" property="periodNum" jdbcType="INTEGER" />
    <result column="profit_type" property="profitType" jdbcType="VARCHAR" />
    <result column="limit_day" property="limitDay" jdbcType="INTEGER" />
    <result column="start_date" property="startDate" jdbcType="DATE" />
    <result column="end_date" property="endDate" jdbcType="DATE" />
    <result column="deadline" property="deadline" jdbcType="DATE" />
    <result column="disbank" property="disbank" jdbcType="VARCHAR" />
    <result column="start_money" property="startMoney" jdbcType="INTEGER" />
    <result column="add_money" property="addMoney" jdbcType="INTEGER" />
    <result column="limit_money" property="limitMoney" jdbcType="INTEGER" />
    <result column="area" property="area" jdbcType="VARCHAR" />
    <result column="channel" property="channel" jdbcType="VARCHAR" />
    <result column="is_transfer" property="isTransfer" jdbcType="INTEGER" />
    <result column="customer" property="customer" jdbcType="VARCHAR" />
    <result column="state" property="state" jdbcType="INTEGER" />
    <result column="risk_rank" property="riskRank" jdbcType="INTEGER" />
    <result column="issue_size" property="issueSize" jdbcType="INTEGER" />
    <result column="expect_profit_year" property="expectProfitYear" jdbcType="DOUBLE" />
    <result column="pub_time" property="pubTime" jdbcType="DATE" />
    <result column="notice" property="notice" jdbcType="VARCHAR" />
    <result column="trade" property="trade" jdbcType="VARCHAR" />
    <result column="customer_info" property="customerInfo" jdbcType="VARCHAR" />
    <result column="manual" property="manual" jdbcType="VARCHAR" />
    <result column="is_delete" property="isDelete" jdbcType="INTEGER" />
    <result column="oprate_mode" property="oprateMode" jdbcType="VARCHAR" />
    <result column="limit_type" property="limitType" jdbcType="VARCHAR" />
    <result column="regis_code" property="regisCode" jdbcType="VARCHAR" />
    <result column="pro_start_date" property="proStartDate" jdbcType="DATE" />
    <result column="pro_end_date" property="proEndDate" jdbcType="DATE" />
    <result column="days" property="days" jdbcType="INTEGER" />
    <result column="max_profit" property="maxProfit" jdbcType="DOUBLE" />
    <result column="min_profit" property="minProfit" jdbcType="DOUBLE" />
    <result column="act_profit" property="actProfit" jdbcType="DOUBLE" />
    <result column="asset_type" property="assetType" jdbcType="VARCHAR" />
    <result column="init_worth" property="initWorth" jdbcType="VARCHAR" />
    <result column="pro_worth" property="proWorth" jdbcType="VARCHAR" />
    <result column="currency" property="currency" jdbcType="VARCHAR" />
    <result column="bus_start_date" property="busStartDate" jdbcType="DATE" />
    <result column="bus_end_date" property="busEndDate" jdbcType="DATE" />
    <result column="create_time" property="createTime" jdbcType="TIMESTAMP" />
    <result column="update_time" property="updateTime" jdbcType="TIMESTAMP" />
  </resultMap>
  <sql id="Example_Where_Clause" >
    <!--
      WARNING - @mbggenerated
      This element is automatically generated by MyBatis Generator, do not modify.
      This element was generated on Sun Mar 12 23:14:32 CST 2017.
    -->
    <where >
      <foreach collection="oredCriteria" item="criteria" separator="or" >
        <if test="criteria.valid" >
          <trim prefix="(" suffix=")" prefixOverrides="and" >
            <foreach collection="criteria.criteria" item="criterion" >
              <choose >
                <when test="criterion.noValue" >
                  and ${criterion.condition}
                </when>
                <when test="criterion.singleValue" >
                  and ${criterion.condition} #{criterion.value}
                </when>
                <when test="criterion.betweenValue" >
                  and ${criterion.condition} #{criterion.value} and #{criterion.secondValue}
                </when>
                <when test="criterion.listValue" >
                  and ${criterion.condition}
                  <foreach collection="criterion.value" item="listItem" open="(" close=")" separator="," >
                    #{listItem}
                  </foreach>
                </when>
              </choose>
            </foreach>
          </trim>
        </if>
      </foreach>
    </where>
  </sql>
  <sql id="Update_By_Example_Where_Clause" >
    <!--
      WARNING - @mbggenerated
      This element is automatically generated by MyBatis Generator, do not modify.
      This element was generated on Sun Mar 12 23:14:32 CST 2017.
    -->
    <where >
      <foreach collection="example.oredCriteria" item="criteria" separator="or" >
        <if test="criteria.valid" >
          <trim prefix="(" suffix=")" prefixOverrides="and" >
            <foreach collection="criteria.criteria" item="criterion" >
              <choose >
                <when test="criterion.noValue" >
                  and ${criterion.condition}
                </when>
                <when test="criterion.singleValue" >
                  and ${criterion.condition} #{criterion.value}
                </when>
                <when test="criterion.betweenValue" >
                  and ${criterion.condition} #{criterion.value} and #{criterion.secondValue}
                </when>
                <when test="criterion.listValue" >
                  and ${criterion.condition}
                  <foreach collection="criterion.value" item="listItem" open="(" close=")" separator="," >
                    #{listItem}
                  </foreach>
                </when>
              </choose>
            </foreach>
          </trim>
        </if>
      </foreach>
    </where>
  </sql>
  <sql id="Base_Column_List" >
    <!--
      WARNING - @mbggenerated
      This element is automatically generated by MyBatis Generator, do not modify.
      This element was generated on Sun Mar 12 23:14:32 CST 2017.
    -->
    id, plat_id, name, product_num, period_num, profit_type, limit_day, start_date, end_date, 
    deadline, disbank, start_money, add_money, limit_money, area, channel, is_transfer, 
    customer, state, risk_rank, issue_size, expect_profit_year, pub_time, notice, trade, 
    customer_info, manual, is_delete, oprate_mode, limit_type, regis_code, pro_start_date, 
    pro_end_date, days, max_profit, min_profit, act_profit, asset_type, init_worth, pro_worth, 
    currency, bus_start_date, bus_end_date, create_time, update_time
  </sql>
  <select id="selectByExample" resultMap="BaseResultMap" parameterType="com.jzt.api.domain.BankProductExample" >
    <!--
      WARNING - @mbggenerated
      This element is automatically generated by MyBatis Generator, do not modify.
      This element was generated on Sun Mar 12 23:14:32 CST 2017.
    -->
    select
    <if test="distinct" >
      distinct
    </if>
    <include refid="Base_Column_List" />
    from bank_product
    <if test="_parameter != null" >
      <include refid="Example_Where_Clause" />
    </if>
    <if test="orderByClause != null" >
      order by ${orderByClause}
    </if>
    <if test="startRow != null and pageSize != null and pageSize != 0" >
      limit #{startRow,jdbcType=INTEGER},#{pageSize,jdbcType=INTEGER}
    </if>
  </select>
  <select id="selectByPrimaryKey" resultMap="BaseResultMap" parameterType="java.lang.Integer" >
    <!--
      WARNING - @mbggenerated
      This element is automatically generated by MyBatis Generator, do not modify.
      This element was generated on Sun Mar 12 23:14:32 CST 2017.
    -->
    select 
    <include refid="Base_Column_List" />
    from bank_product
    where id = #{id,jdbcType=INTEGER}
  </select>
  <delete id="deleteByPrimaryKey" parameterType="java.lang.Integer" >
    <!--
      WARNING - @mbggenerated
      This element is automatically generated by MyBatis Generator, do not modify.
      This element was generated on Sun Mar 12 23:14:32 CST 2017.
    -->
    delete from bank_product
    where id = #{id,jdbcType=INTEGER}
  </delete>
  <delete id="deleteByExample" parameterType="com.jzt.api.domain.BankProductExample" >
    <!--
      WARNING - @mbggenerated
      This element is automatically generated by MyBatis Generator, do not modify.
      This element was generated on Sun Mar 12 23:14:32 CST 2017.
    -->
    delete from bank_product
    <if test="_parameter != null" >
      <include refid="Example_Where_Clause" />
    </if>
  </delete>
  <insert id="insert" parameterType="com.jzt.api.domain.BankProduct" >
    <!--
      WARNING - @mbggenerated
      This element is automatically generated by MyBatis Generator, do not modify.
      This element was generated on Sun Mar 12 23:14:32 CST 2017.
    -->
    insert into bank_product (id, plat_id, name, 
      product_num, period_num, profit_type, 
      limit_day, start_date, end_date, 
      deadline, disbank, start_money, 
      add_money, limit_money, area, 
      channel, is_transfer, customer, 
      state, risk_rank, issue_size, 
      expect_profit_year, pub_time, notice, 
      trade, customer_info, manual, 
      is_delete, oprate_mode, limit_type, 
      regis_code, pro_start_date, pro_end_date, 
      days, max_profit, min_profit, 
      act_profit, asset_type, init_worth, 
      pro_worth, currency, bus_start_date, 
      bus_end_date, create_time, update_time
      )
    values (#{id,jdbcType=INTEGER}, #{platId,jdbcType=INTEGER}, #{name,jdbcType=VARCHAR}, 
      #{productNum,jdbcType=VARCHAR}, #{periodNum,jdbcType=INTEGER}, #{profitType,jdbcType=VARCHAR}, 
      #{limitDay,jdbcType=INTEGER}, #{startDate,jdbcType=DATE}, #{endDate,jdbcType=DATE}, 
      #{deadline,jdbcType=DATE}, #{disbank,jdbcType=VARCHAR}, #{startMoney,jdbcType=INTEGER}, 
      #{addMoney,jdbcType=INTEGER}, #{limitMoney,jdbcType=INTEGER}, #{area,jdbcType=VARCHAR}, 
      #{channel,jdbcType=VARCHAR}, #{isTransfer,jdbcType=INTEGER}, #{customer,jdbcType=VARCHAR}, 
      #{state,jdbcType=INTEGER}, #{riskRank,jdbcType=INTEGER}, #{issueSize,jdbcType=INTEGER}, 
      #{expectProfitYear,jdbcType=DOUBLE}, #{pubTime,jdbcType=DATE}, #{notice,jdbcType=VARCHAR}, 
      #{trade,jdbcType=VARCHAR}, #{customerInfo,jdbcType=VARCHAR}, #{manual,jdbcType=VARCHAR}, 
      #{isDelete,jdbcType=INTEGER}, #{oprateMode,jdbcType=VARCHAR}, #{limitType,jdbcType=VARCHAR}, 
      #{regisCode,jdbcType=VARCHAR}, #{proStartDate,jdbcType=DATE}, #{proEndDate,jdbcType=DATE}, 
      #{days,jdbcType=INTEGER}, #{maxProfit,jdbcType=DOUBLE}, #{minProfit,jdbcType=DOUBLE}, 
      #{actProfit,jdbcType=DOUBLE}, #{assetType,jdbcType=VARCHAR}, #{initWorth,jdbcType=VARCHAR}, 
      #{proWorth,jdbcType=VARCHAR}, #{currency,jdbcType=VARCHAR}, #{busStartDate,jdbcType=DATE}, 
      #{busEndDate,jdbcType=DATE}, #{createTime,jdbcType=TIMESTAMP}, #{updateTime,jdbcType=TIMESTAMP}
      )
  </insert>
  <insert id="insertSelective" parameterType="com.jzt.api.domain.BankProduct" >
    <!--
      WARNING - @mbggenerated
      This element is automatically generated by MyBatis Generator, do not modify.
      This element was generated on Sun Mar 12 23:14:32 CST 2017.
    -->
    insert into bank_product
    <trim prefix="(" suffix=")" suffixOverrides="," >
      <if test="id != null" >
        id,
      </if>
      <if test="platId != null" >
        plat_id,
      </if>
      <if test="name != null" >
        name,
      </if>
      <if test="productNum != null" >
        product_num,
      </if>
      <if test="periodNum != null" >
        period_num,
      </if>
      <if test="profitType != null" >
        profit_type,
      </if>
      <if test="limitDay != null" >
        limit_day,
      </if>
      <if test="startDate != null" >
        start_date,
      </if>
      <if test="endDate != null" >
        end_date,
      </if>
      <if test="deadline != null" >
        deadline,
      </if>
      <if test="disbank != null" >
        disbank,
      </if>
      <if test="startMoney != null" >
        start_money,
      </if>
      <if test="addMoney != null" >
        add_money,
      </if>
      <if test="limitMoney != null" >
        limit_money,
      </if>
      <if test="area != null" >
        area,
      </if>
      <if test="channel != null" >
        channel,
      </if>
      <if test="isTransfer != null" >
        is_transfer,
      </if>
      <if test="customer != null" >
        customer,
      </if>
      <if test="state != null" >
        state,
      </if>
      <if test="riskRank != null" >
        risk_rank,
      </if>
      <if test="issueSize != null" >
        issue_size,
      </if>
      <if test="expectProfitYear != null" >
        expect_profit_year,
      </if>
      <if test="pubTime != null" >
        pub_time,
      </if>
      <if test="notice != null" >
        notice,
      </if>
      <if test="trade != null" >
        trade,
      </if>
      <if test="customerInfo != null" >
        customer_info,
      </if>
      <if test="manual != null" >
        manual,
      </if>
      <if test="isDelete != null" >
        is_delete,
      </if>
      <if test="oprateMode != null" >
        oprate_mode,
      </if>
      <if test="limitType != null" >
        limit_type,
      </if>
      <if test="regisCode != null" >
        regis_code,
      </if>
      <if test="proStartDate != null" >
        pro_start_date,
      </if>
      <if test="proEndDate != null" >
        pro_end_date,
      </if>
      <if test="days != null" >
        days,
      </if>
      <if test="maxProfit != null" >
        max_profit,
      </if>
      <if test="minProfit != null" >
        min_profit,
      </if>
      <if test="actProfit != null" >
        act_profit,
      </if>
      <if test="assetType != null" >
        asset_type,
      </if>
      <if test="initWorth != null" >
        init_worth,
      </if>
      <if test="proWorth != null" >
        pro_worth,
      </if>
      <if test="currency != null" >
        currency,
      </if>
      <if test="busStartDate != null" >
        bus_start_date,
      </if>
      <if test="busEndDate != null" >
        bus_end_date,
      </if>
      <if test="createTime != null" >
        create_time,
      </if>
      <if test="updateTime != null" >
        update_time,
      </if>
    </trim>
    <trim prefix="values (" suffix=")" suffixOverrides="," >
      <if test="id != null" >
        #{id,jdbcType=INTEGER},
      </if>
      <if test="platId != null" >
        #{platId,jdbcType=INTEGER},
      </if>
      <if test="name != null" >
        #{name,jdbcType=VARCHAR},
      </if>
      <if test="productNum != null" >
        #{productNum,jdbcType=VARCHAR},
      </if>
      <if test="periodNum != null" >
        #{periodNum,jdbcType=INTEGER},
      </if>
      <if test="profitType != null" >
        #{profitType,jdbcType=VARCHAR},
      </if>
      <if test="limitDay != null" >
        #{limitDay,jdbcType=INTEGER},
      </if>
      <if test="startDate != null" >
        #{startDate,jdbcType=DATE},
      </if>
      <if test="endDate != null" >
        #{endDate,jdbcType=DATE},
      </if>
      <if test="deadline != null" >
        #{deadline,jdbcType=DATE},
      </if>
      <if test="disbank != null" >
        #{disbank,jdbcType=VARCHAR},
      </if>
      <if test="startMoney != null" >
        #{startMoney,jdbcType=INTEGER},
      </if>
      <if test="addMoney != null" >
        #{addMoney,jdbcType=INTEGER},
      </if>
      <if test="limitMoney != null" >
        #{limitMoney,jdbcType=INTEGER},
      </if>
      <if test="area != null" >
        #{area,jdbcType=VARCHAR},
      </if>
      <if test="channel != null" >
        #{channel,jdbcType=VARCHAR},
      </if>
      <if test="isTransfer != null" >
        #{isTransfer,jdbcType=INTEGER},
      </if>
      <if test="customer != null" >
        #{customer,jdbcType=VARCHAR},
      </if>
      <if test="state != null" >
        #{state,jdbcType=INTEGER},
      </if>
      <if test="riskRank != null" >
        #{riskRank,jdbcType=INTEGER},
      </if>
      <if test="issueSize != null" >
        #{issueSize,jdbcType=INTEGER},
      </if>
      <if test="expectProfitYear != null" >
        #{expectProfitYear,jdbcType=DOUBLE},
      </if>
      <if test="pubTime != null" >
        #{pubTime,jdbcType=DATE},
      </if>
      <if test="notice != null" >
        #{notice,jdbcType=VARCHAR},
      </if>
      <if test="trade != null" >
        #{trade,jdbcType=VARCHAR},
      </if>
      <if test="customerInfo != null" >
        #{customerInfo,jdbcType=VARCHAR},
      </if>
      <if test="manual != null" >
        #{manual,jdbcType=VARCHAR},
      </if>
      <if test="isDelete != null" >
        #{isDelete,jdbcType=INTEGER},
      </if>
      <if test="oprateMode != null" >
        #{oprateMode,jdbcType=VARCHAR},
      </if>
      <if test="limitType != null" >
        #{limitType,jdbcType=VARCHAR},
      </if>
      <if test="regisCode != null" >
        #{regisCode,jdbcType=VARCHAR},
      </if>
      <if test="proStartDate != null" >
        #{proStartDate,jdbcType=DATE},
      </if>
      <if test="proEndDate != null" >
        #{proEndDate,jdbcType=DATE},
      </if>
      <if test="days != null" >
        #{days,jdbcType=INTEGER},
      </if>
      <if test="maxProfit != null" >
        #{maxProfit,jdbcType=DOUBLE},
      </if>
      <if test="minProfit != null" >
        #{minProfit,jdbcType=DOUBLE},
      </if>
      <if test="actProfit != null" >
        #{actProfit,jdbcType=DOUBLE},
      </if>
      <if test="assetType != null" >
        #{assetType,jdbcType=VARCHAR},
      </if>
      <if test="initWorth != null" >
        #{initWorth,jdbcType=VARCHAR},
      </if>
      <if test="proWorth != null" >
        #{proWorth,jdbcType=VARCHAR},
      </if>
      <if test="currency != null" >
        #{currency,jdbcType=VARCHAR},
      </if>
      <if test="busStartDate != null" >
        #{busStartDate,jdbcType=DATE},
      </if>
      <if test="busEndDate != null" >
        #{busEndDate,jdbcType=DATE},
      </if>
      <if test="createTime != null" >
        #{createTime,jdbcType=TIMESTAMP},
      </if>
      <if test="updateTime != null" >
        #{updateTime,jdbcType=TIMESTAMP},
      </if>
    </trim>
  </insert>
  <select id="countByExample" parameterType="com.jzt.api.domain.BankProductExample" resultType="java.lang.Integer" >
    <!--
      WARNING - @mbggenerated
      This element is automatically generated by MyBatis Generator, do not modify.
      This element was generated on Sun Mar 12 23:14:32 CST 2017.
    -->
    select count(*) from bank_product
    <if test="_parameter != null" >
      <include refid="Example_Where_Clause" />
    </if>
  </select>
  <update id="updateByExampleSelective" parameterType="map" >
    <!--
      WARNING - @mbggenerated
      This element is automatically generated by MyBatis Generator, do not modify.
      This element was generated on Sun Mar 12 23:14:32 CST 2017.
    -->
    update bank_product
    <set >
      <if test="record.id != null" >
        id = #{record.id,jdbcType=INTEGER},
      </if>
      <if test="record.platId != null" >
        plat_id = #{record.platId,jdbcType=INTEGER},
      </if>
      <if test="record.name != null" >
        name = #{record.name,jdbcType=VARCHAR},
      </if>
      <if test="record.productNum != null" >
        product_num = #{record.productNum,jdbcType=VARCHAR},
      </if>
      <if test="record.periodNum != null" >
        period_num = #{record.periodNum,jdbcType=INTEGER},
      </if>
      <if test="record.profitType != null" >
        profit_type = #{record.profitType,jdbcType=VARCHAR},
      </if>
      <if test="record.limitDay != null" >
        limit_day = #{record.limitDay,jdbcType=INTEGER},
      </if>
      <if test="record.startDate != null" >
        start_date = #{record.startDate,jdbcType=DATE},
      </if>
      <if test="record.endDate != null" >
        end_date = #{record.endDate,jdbcType=DATE},
      </if>
      <if test="record.deadline != null" >
        deadline = #{record.deadline,jdbcType=DATE},
      </if>
      <if test="record.disbank != null" >
        disbank = #{record.disbank,jdbcType=VARCHAR},
      </if>
      <if test="record.startMoney != null" >
        start_money = #{record.startMoney,jdbcType=INTEGER},
      </if>
      <if test="record.addMoney != null" >
        add_money = #{record.addMoney,jdbcType=INTEGER},
      </if>
      <if test="record.limitMoney != null" >
        limit_money = #{record.limitMoney,jdbcType=INTEGER},
      </if>
      <if test="record.area != null" >
        area = #{record.area,jdbcType=VARCHAR},
      </if>
      <if test="record.channel != null" >
        channel = #{record.channel,jdbcType=VARCHAR},
      </if>
      <if test="record.isTransfer != null" >
        is_transfer = #{record.isTransfer,jdbcType=INTEGER},
      </if>
      <if test="record.customer != null" >
        customer = #{record.customer,jdbcType=VARCHAR},
      </if>
      <if test="record.state != null" >
        state = #{record.state,jdbcType=INTEGER},
      </if>
      <if test="record.riskRank != null" >
        risk_rank = #{record.riskRank,jdbcType=INTEGER},
      </if>
      <if test="record.issueSize != null" >
        issue_size = #{record.issueSize,jdbcType=INTEGER},
      </if>
      <if test="record.expectProfitYear != null" >
        expect_profit_year = #{record.expectProfitYear,jdbcType=DOUBLE},
      </if>
      <if test="record.pubTime != null" >
        pub_time = #{record.pubTime,jdbcType=DATE},
      </if>
      <if test="record.notice != null" >
        notice = #{record.notice,jdbcType=VARCHAR},
      </if>
      <if test="record.trade != null" >
        trade = #{record.trade,jdbcType=VARCHAR},
      </if>
      <if test="record.customerInfo != null" >
        customer_info = #{record.customerInfo,jdbcType=VARCHAR},
      </if>
      <if test="record.manual != null" >
        manual = #{record.manual,jdbcType=VARCHAR},
      </if>
      <if test="record.isDelete != null" >
        is_delete = #{record.isDelete,jdbcType=INTEGER},
      </if>
      <if test="record.oprateMode != null" >
        oprate_mode = #{record.oprateMode,jdbcType=VARCHAR},
      </if>
      <if test="record.limitType != null" >
        limit_type = #{record.limitType,jdbcType=VARCHAR},
      </if>
      <if test="record.regisCode != null" >
        regis_code = #{record.regisCode,jdbcType=VARCHAR},
      </if>
      <if test="record.proStartDate != null" >
        pro_start_date = #{record.proStartDate,jdbcType=DATE},
      </if>
      <if test="record.proEndDate != null" >
        pro_end_date = #{record.proEndDate,jdbcType=DATE},
      </if>
      <if test="record.days != null" >
        days = #{record.days,jdbcType=INTEGER},
      </if>
      <if test="record.maxProfit != null" >
        max_profit = #{record.maxProfit,jdbcType=DOUBLE},
      </if>
      <if test="record.minProfit != null" >
        min_profit = #{record.minProfit,jdbcType=DOUBLE},
      </if>
      <if test="record.actProfit != null" >
        act_profit = #{record.actProfit,jdbcType=DOUBLE},
      </if>
      <if test="record.assetType != null" >
        asset_type = #{record.assetType,jdbcType=VARCHAR},
      </if>
      <if test="record.initWorth != null" >
        init_worth = #{record.initWorth,jdbcType=VARCHAR},
      </if>
      <if test="record.proWorth != null" >
        pro_worth = #{record.proWorth,jdbcType=VARCHAR},
      </if>
      <if test="record.currency != null" >
        currency = #{record.currency,jdbcType=VARCHAR},
      </if>
      <if test="record.busStartDate != null" >
        bus_start_date = #{record.busStartDate,jdbcType=DATE},
      </if>
      <if test="record.busEndDate != null" >
        bus_end_date = #{record.busEndDate,jdbcType=DATE},
      </if>
      <if test="record.createTime != null" >
        create_time = #{record.createTime,jdbcType=TIMESTAMP},
      </if>
      <if test="record.updateTime != null" >
        update_time = #{record.updateTime,jdbcType=TIMESTAMP},
      </if>
    </set>
    <if test="_parameter != null" >
      <include refid="Update_By_Example_Where_Clause" />
    </if>
  </update>
  <update id="updateByExample" parameterType="map" >
    <!--
      WARNING - @mbggenerated
      This element is automatically generated by MyBatis Generator, do not modify.
      This element was generated on Sun Mar 12 23:14:32 CST 2017.
    -->
    update bank_product
    set id = #{record.id,jdbcType=INTEGER},
      plat_id = #{record.platId,jdbcType=INTEGER},
      name = #{record.name,jdbcType=VARCHAR},
      product_num = #{record.productNum,jdbcType=VARCHAR},
      period_num = #{record.periodNum,jdbcType=INTEGER},
      profit_type = #{record.profitType,jdbcType=VARCHAR},
      limit_day = #{record.limitDay,jdbcType=INTEGER},
      start_date = #{record.startDate,jdbcType=DATE},
      end_date = #{record.endDate,jdbcType=DATE},
      deadline = #{record.deadline,jdbcType=DATE},
      disbank = #{record.disbank,jdbcType=VARCHAR},
      start_money = #{record.startMoney,jdbcType=INTEGER},
      add_money = #{record.addMoney,jdbcType=INTEGER},
      limit_money = #{record.limitMoney,jdbcType=INTEGER},
      area = #{record.area,jdbcType=VARCHAR},
      channel = #{record.channel,jdbcType=VARCHAR},
      is_transfer = #{record.isTransfer,jdbcType=INTEGER},
      customer = #{record.customer,jdbcType=VARCHAR},
      state = #{record.state,jdbcType=INTEGER},
      risk_rank = #{record.riskRank,jdbcType=INTEGER},
      issue_size = #{record.issueSize,jdbcType=INTEGER},
      expect_profit_year = #{record.expectProfitYear,jdbcType=DOUBLE},
      pub_time = #{record.pubTime,jdbcType=DATE},
      notice = #{record.notice,jdbcType=VARCHAR},
      trade = #{record.trade,jdbcType=VARCHAR},
      customer_info = #{record.customerInfo,jdbcType=VARCHAR},
      manual = #{record.manual,jdbcType=VARCHAR},
      is_delete = #{record.isDelete,jdbcType=INTEGER},
      oprate_mode = #{record.oprateMode,jdbcType=VARCHAR},
      limit_type = #{record.limitType,jdbcType=VARCHAR},
      regis_code = #{record.regisCode,jdbcType=VARCHAR},
      pro_start_date = #{record.proStartDate,jdbcType=DATE},
      pro_end_date = #{record.proEndDate,jdbcType=DATE},
      days = #{record.days,jdbcType=INTEGER},
      max_profit = #{record.maxProfit,jdbcType=DOUBLE},
      min_profit = #{record.minProfit,jdbcType=DOUBLE},
      act_profit = #{record.actProfit,jdbcType=DOUBLE},
      asset_type = #{record.assetType,jdbcType=VARCHAR},
      init_worth = #{record.initWorth,jdbcType=VARCHAR},
      pro_worth = #{record.proWorth,jdbcType=VARCHAR},
      currency = #{record.currency,jdbcType=VARCHAR},
      bus_start_date = #{record.busStartDate,jdbcType=DATE},
      bus_end_date = #{record.busEndDate,jdbcType=DATE},
      create_time = #{record.createTime,jdbcType=TIMESTAMP},
      update_time = #{record.updateTime,jdbcType=TIMESTAMP}
    <if test="_parameter != null" >
      <include refid="Update_By_Example_Where_Clause" />
    </if>
  </update>
  <update id="updateByPrimaryKeySelective" parameterType="com.jzt.api.domain.BankProduct" >
    <!--
      WARNING - @mbggenerated
      This element is automatically generated by MyBatis Generator, do not modify.
      This element was generated on Sun Mar 12 23:14:32 CST 2017.
    -->
    update bank_product
    <set >
      <if test="platId != null" >
        plat_id = #{platId,jdbcType=INTEGER},
      </if>
      <if test="name != null" >
        name = #{name,jdbcType=VARCHAR},
      </if>
      <if test="productNum != null" >
        product_num = #{productNum,jdbcType=VARCHAR},
      </if>
      <if test="periodNum != null" >
        period_num = #{periodNum,jdbcType=INTEGER},
      </if>
      <if test="profitType != null" >
        profit_type = #{profitType,jdbcType=VARCHAR},
      </if>
      <if test="limitDay != null" >
        limit_day = #{limitDay,jdbcType=INTEGER},
      </if>
      <if test="startDate != null" >
        start_date = #{startDate,jdbcType=DATE},
      </if>
      <if test="endDate != null" >
        end_date = #{endDate,jdbcType=DATE},
      </if>
      <if test="deadline != null" >
        deadline = #{deadline,jdbcType=DATE},
      </if>
      <if test="disbank != null" >
        disbank = #{disbank,jdbcType=VARCHAR},
      </if>
      <if test="startMoney != null" >
        start_money = #{startMoney,jdbcType=INTEGER},
      </if>
      <if test="addMoney != null" >
        add_money = #{addMoney,jdbcType=INTEGER},
      </if>
      <if test="limitMoney != null" >
        limit_money = #{limitMoney,jdbcType=INTEGER},
      </if>
      <if test="area != null" >
        area = #{area,jdbcType=VARCHAR},
      </if>
      <if test="channel != null" >
        channel = #{channel,jdbcType=VARCHAR},
      </if>
      <if test="isTransfer != null" >
        is_transfer = #{isTransfer,jdbcType=INTEGER},
      </if>
      <if test="customer != null" >
        customer = #{customer,jdbcType=VARCHAR},
      </if>
      <if test="state != null" >
        state = #{state,jdbcType=INTEGER},
      </if>
      <if test="riskRank != null" >
        risk_rank = #{riskRank,jdbcType=INTEGER},
      </if>
      <if test="issueSize != null" >
        issue_size = #{issueSize,jdbcType=INTEGER},
      </if>
      <if test="expectProfitYear != null" >
        expect_profit_year = #{expectProfitYear,jdbcType=DOUBLE},
      </if>
      <if test="pubTime != null" >
        pub_time = #{pubTime,jdbcType=DATE},
      </if>
      <if test="notice != null" >
        notice = #{notice,jdbcType=VARCHAR},
      </if>
      <if test="trade != null" >
        trade = #{trade,jdbcType=VARCHAR},
      </if>
      <if test="customerInfo != null" >
        customer_info = #{customerInfo,jdbcType=VARCHAR},
      </if>
      <if test="manual != null" >
        manual = #{manual,jdbcType=VARCHAR},
      </if>
      <if test="isDelete != null" >
        is_delete = #{isDelete,jdbcType=INTEGER},
      </if>
      <if test="oprateMode != null" >
        oprate_mode = #{oprateMode,jdbcType=VARCHAR},
      </if>
      <if test="limitType != null" >
        limit_type = #{limitType,jdbcType=VARCHAR},
      </if>
      <if test="regisCode != null" >
        regis_code = #{regisCode,jdbcType=VARCHAR},
      </if>
      <if test="proStartDate != null" >
        pro_start_date = #{proStartDate,jdbcType=DATE},
      </if>
      <if test="proEndDate != null" >
        pro_end_date = #{proEndDate,jdbcType=DATE},
      </if>
      <if test="days != null" >
        days = #{days,jdbcType=INTEGER},
      </if>
      <if test="maxProfit != null" >
        max_profit = #{maxProfit,jdbcType=DOUBLE},
      </if>
      <if test="minProfit != null" >
        min_profit = #{minProfit,jdbcType=DOUBLE},
      </if>
      <if test="actProfit != null" >
        act_profit = #{actProfit,jdbcType=DOUBLE},
      </if>
      <if test="assetType != null" >
        asset_type = #{assetType,jdbcType=VARCHAR},
      </if>
      <if test="initWorth != null" >
        init_worth = #{initWorth,jdbcType=VARCHAR},
      </if>
      <if test="proWorth != null" >
        pro_worth = #{proWorth,jdbcType=VARCHAR},
      </if>
      <if test="currency != null" >
        currency = #{currency,jdbcType=VARCHAR},
      </if>
      <if test="busStartDate != null" >
        bus_start_date = #{busStartDate,jdbcType=DATE},
      </if>
      <if test="busEndDate != null" >
        bus_end_date = #{busEndDate,jdbcType=DATE},
      </if>
      <if test="createTime != null" >
        create_time = #{createTime,jdbcType=TIMESTAMP},
      </if>
      <if test="updateTime != null" >
        update_time = #{updateTime,jdbcType=TIMESTAMP},
      </if>
    </set>
    where id = #{id,jdbcType=INTEGER}
  </update>
  <update id="updateByPrimaryKey" parameterType="com.jzt.api.domain.BankProduct" >
    <!--
      WARNING - @mbggenerated
      This element is automatically generated by MyBatis Generator, do not modify.
      This element was generated on Sun Mar 12 23:14:32 CST 2017.
    -->
    update bank_product
    set plat_id = #{platId,jdbcType=INTEGER},
      name = #{name,jdbcType=VARCHAR},
      product_num = #{productNum,jdbcType=VARCHAR},
      period_num = #{periodNum,jdbcType=INTEGER},
      profit_type = #{profitType,jdbcType=VARCHAR},
      limit_day = #{limitDay,jdbcType=INTEGER},
      start_date = #{startDate,jdbcType=DATE},
      end_date = #{endDate,jdbcType=DATE},
      deadline = #{deadline,jdbcType=DATE},
      disbank = #{disbank,jdbcType=VARCHAR},
      start_money = #{startMoney,jdbcType=INTEGER},
      add_money = #{addMoney,jdbcType=INTEGER},
      limit_money = #{limitMoney,jdbcType=INTEGER},
      area = #{area,jdbcType=VARCHAR},
      channel = #{channel,jdbcType=VARCHAR},
      is_transfer = #{isTransfer,jdbcType=INTEGER},
      customer = #{customer,jdbcType=VARCHAR},
      state = #{state,jdbcType=INTEGER},
      risk_rank = #{riskRank,jdbcType=INTEGER},
      issue_size = #{issueSize,jdbcType=INTEGER},
      expect_profit_year = #{expectProfitYear,jdbcType=DOUBLE},
      pub_time = #{pubTime,jdbcType=DATE},
      notice = #{notice,jdbcType=VARCHAR},
      trade = #{trade,jdbcType=VARCHAR},
      customer_info = #{customerInfo,jdbcType=VARCHAR},
      manual = #{manual,jdbcType=VARCHAR},
      is_delete = #{isDelete,jdbcType=INTEGER},
      oprate_mode = #{oprateMode,jdbcType=VARCHAR},
      limit_type = #{limitType,jdbcType=VARCHAR},
      regis_code = #{regisCode,jdbcType=VARCHAR},
      pro_start_date = #{proStartDate,jdbcType=DATE},
      pro_end_date = #{proEndDate,jdbcType=DATE},
      days = #{days,jdbcType=INTEGER},
      max_profit = #{maxProfit,jdbcType=DOUBLE},
      min_profit = #{minProfit,jdbcType=DOUBLE},
      act_profit = #{actProfit,jdbcType=DOUBLE},
      asset_type = #{assetType,jdbcType=VARCHAR},
      init_worth = #{initWorth,jdbcType=VARCHAR},
      pro_worth = #{proWorth,jdbcType=VARCHAR},
      currency = #{currency,jdbcType=VARCHAR},
      bus_start_date = #{busStartDate,jdbcType=DATE},
      bus_end_date = #{busEndDate,jdbcType=DATE},
      create_time = #{createTime,jdbcType=TIMESTAMP},
      update_time = #{updateTime,jdbcType=TIMESTAMP}
    where id = #{id,jdbcType=INTEGER}
  </update>
</mapper>