<?xml version="1.0" encoding="UTF-8" ?>
<!DOCTYPE mapper PUBLIC "-//mybatis.org//DTD Mapper 3.0//EN" "http://mybatis.org/dtd/mybatis-3-mapper.dtd" >
<mapper namespace="com.jzt.api.dao.ExposureMapper" >
  <resultMap id="BaseResultMap" type="com.jzt.api.domain.Exposure" >
    <!--
      WARNING - @mbggenerated
      This element is automatically generated by MyBatis Generator, do not modify.
      This element was generated on Sun Mar 12 23:14:32 CST 2017.
    -->
    <id column="eid" property="eid" jdbcType="INTEGER" />
    <result column="plat_id" property="platId" jdbcType="INTEGER" />
    <result column="title" property="title" jdbcType="VARCHAR" />
    <result column="product_name" property="productName" jdbcType="VARCHAR" />
    <result column="product_url" property="productUrl" jdbcType="VARCHAR" />
    <result column="type" property="type" jdbcType="INTEGER" />
    <result column="icon" property="icon" jdbcType="VARCHAR" />
    <result column="agree_cnt" property="agreeCnt" jdbcType="INTEGER" />
    <result column="comment_cnt" property="commentCnt" jdbcType="INTEGER" />
    <result column="click_cnt" property="clickCnt" jdbcType="INTEGER" />
    <result column="created_date" property="createdDate" jdbcType="TIMESTAMP" />
    <result column="last_update" property="lastUpdate" jdbcType="TIMESTAMP" />
    <result column="last_comment_editor" property="lastCommentEditor" jdbcType="VARCHAR" />
    <result column="last_comment" property="lastComment" jdbcType="TIMESTAMP" />
    <result column="checked_date" property="checkedDate" jdbcType="TIMESTAMP" />
    <result column="author_id" property="authorId" jdbcType="INTEGER" />
    <result column="admin_id" property="adminId" jdbcType="INTEGER" />
    <result column="state" property="state" jdbcType="INTEGER" />
    <result column="hot_value" property="hotValue" jdbcType="DOUBLE" />
  </resultMap>
  <resultMap id="ResultMapWithBLOBs" type="com.jzt.api.domain.Exposure" extends="BaseResultMap" >
    <!--
      WARNING - @mbggenerated
      This element is automatically generated by MyBatis Generator, do not modify.
      This element was generated on Sun Mar 12 23:14:32 CST 2017.
    -->
    <result column="content" property="content" jdbcType="LONGVARCHAR" />
  </resultMap>
  <sql id="Example_Where_Clause" >
    <!--
      WARNING - @mbggenerated
      This element is automatically generated by MyBatis Generator, do not modify.
      This element was generated on Sun Mar 12 23:14:32 CST 2017.
    -->
    <where >
      <foreach collection="oredCriteria" item="criteria" separator="or" >
        <if test="criteria.valid" >
          <trim prefix="(" suffix=")" prefixOverrides="and" >
            <foreach collection="criteria.criteria" item="criterion" >
              <choose >
                <when test="criterion.noValue" >
                  and ${criterion.condition}
                </when>
                <when test="criterion.singleValue" >
                  and ${criterion.condition} #{criterion.value}
                </when>
                <when test="criterion.betweenValue" >
                  and ${criterion.condition} #{criterion.value} and #{criterion.secondValue}
                </when>
                <when test="criterion.listValue" >
                  and ${criterion.condition}
                  <foreach collection="criterion.value" item="listItem" open="(" close=")" separator="," >
                    #{listItem}
                  </foreach>
                </when>
              </choose>
            </foreach>
          </trim>
        </if>
      </foreach>
    </where>
  </sql>
  <sql id="Update_By_Example_Where_Clause" >
    <!--
      WARNING - @mbggenerated
      This element is automatically generated by MyBatis Generator, do not modify.
      This element was generated on Sun Mar 12 23:14:32 CST 2017.
    -->
    <where >
      <foreach collection="example.oredCriteria" item="criteria" separator="or" >
        <if test="criteria.valid" >
          <trim prefix="(" suffix=")" prefixOverrides="and" >
            <foreach collection="criteria.criteria" item="criterion" >
              <choose >
                <when test="criterion.noValue" >
                  and ${criterion.condition}
                </when>
                <when test="criterion.singleValue" >
                  and ${criterion.condition} #{criterion.value}
                </when>
                <when test="criterion.betweenValue" >
                  and ${criterion.condition} #{criterion.value} and #{criterion.secondValue}
                </when>
                <when test="criterion.listValue" >
                  and ${criterion.condition}
                  <foreach collection="criterion.value" item="listItem" open="(" close=")" separator="," >
                    #{listItem}
                  </foreach>
                </when>
              </choose>
            </foreach>
          </trim>
        </if>
      </foreach>
    </where>
  </sql>
  <sql id="Base_Column_List" >
    <!--
      WARNING - @mbggenerated
      This element is automatically generated by MyBatis Generator, do not modify.
      This element was generated on Sun Mar 12 23:14:32 CST 2017.
    -->
    eid, plat_id, title, product_name, product_url, type, icon, agree_cnt, comment_cnt, 
    click_cnt, created_date, last_update, last_comment_editor, last_comment, checked_date, 
    author_id, admin_id, state, hot_value
  </sql>
  <sql id="Blob_Column_List" >
    <!--
      WARNING - @mbggenerated
      This element is automatically generated by MyBatis Generator, do not modify.
      This element was generated on Sun Mar 12 23:14:32 CST 2017.
    -->
    content
  </sql>
  <select id="selectByExampleWithBLOBs" resultMap="ResultMapWithBLOBs" parameterType="com.jzt.api.domain.ExposureExample" >
    <!--
      WARNING - @mbggenerated
      This element is automatically generated by MyBatis Generator, do not modify.
      This element was generated on Sun Mar 12 23:14:32 CST 2017.
    -->
    select
    <if test="distinct" >
      distinct
    </if>
    <include refid="Base_Column_List" />
    ,
    <include refid="Blob_Column_List" />
    from exposure
    <if test="_parameter != null" >
      <include refid="Example_Where_Clause" />
    </if>
    <if test="orderByClause != null" >
      order by ${orderByClause}
    </if>
  </select>
  <select id="selectByExample" resultMap="BaseResultMap" parameterType="com.jzt.api.domain.ExposureExample" >
    <!--
      WARNING - @mbggenerated
      This element is automatically generated by MyBatis Generator, do not modify.
      This element was generated on Sun Mar 12 23:14:32 CST 2017.
    -->
    select
    <if test="distinct" >
      distinct
    </if>
    <include refid="Base_Column_List" />
    from exposure
    <if test="_parameter != null" >
      <include refid="Example_Where_Clause" />
    </if>
    <if test="orderByClause != null" >
      order by ${orderByClause}
    </if>
    <if test="startRow != null and pageSize != null and pageSize != 0" >
      limit #{startRow,jdbcType=INTEGER},#{pageSize,jdbcType=INTEGER}
    </if>
  </select>
  <select id="selectByPrimaryKey" resultMap="ResultMapWithBLOBs" parameterType="java.lang.Integer" >
    <!--
      WARNING - @mbggenerated
      This element is automatically generated by MyBatis Generator, do not modify.
      This element was generated on Sun Mar 12 23:14:32 CST 2017.
    -->
    select 
    <include refid="Base_Column_List" />
    ,
    <include refid="Blob_Column_List" />
    from exposure
    where eid = #{eid,jdbcType=INTEGER}
  </select>
  <delete id="deleteByPrimaryKey" parameterType="java.lang.Integer" >
    <!--
      WARNING - @mbggenerated
      This element is automatically generated by MyBatis Generator, do not modify.
      This element was generated on Sun Mar 12 23:14:32 CST 2017.
    -->
    delete from exposure
    where eid = #{eid,jdbcType=INTEGER}
  </delete>
  <delete id="deleteByExample" parameterType="com.jzt.api.domain.ExposureExample" >
    <!--
      WARNING - @mbggenerated
      This element is automatically generated by MyBatis Generator, do not modify.
      This element was generated on Sun Mar 12 23:14:32 CST 2017.
    -->
    delete from exposure
    <if test="_parameter != null" >
      <include refid="Example_Where_Clause" />
    </if>
  </delete>
  <insert id="insert" parameterType="com.jzt.api.domain.Exposure" >
    <!--
      WARNING - @mbggenerated
      This element is automatically generated by MyBatis Generator, do not modify.
      This element was generated on Sun Mar 12 23:14:32 CST 2017.
    -->
    insert into exposure (eid, plat_id, title, 
      product_name, product_url, type, 
      icon, agree_cnt, comment_cnt, 
      click_cnt, created_date, last_update, 
      last_comment_editor, last_comment, checked_date, 
      author_id, admin_id, state, 
      hot_value, content)
    values (#{eid,jdbcType=INTEGER}, #{platId,jdbcType=INTEGER}, #{title,jdbcType=VARCHAR}, 
      #{productName,jdbcType=VARCHAR}, #{productUrl,jdbcType=VARCHAR}, #{type,jdbcType=INTEGER}, 
      #{icon,jdbcType=VARCHAR}, #{agreeCnt,jdbcType=INTEGER}, #{commentCnt,jdbcType=INTEGER}, 
      #{clickCnt,jdbcType=INTEGER}, #{createdDate,jdbcType=TIMESTAMP}, #{lastUpdate,jdbcType=TIMESTAMP}, 
      #{lastCommentEditor,jdbcType=VARCHAR}, #{lastComment,jdbcType=TIMESTAMP}, #{checkedDate,jdbcType=TIMESTAMP}, 
      #{authorId,jdbcType=INTEGER}, #{adminId,jdbcType=INTEGER}, #{state,jdbcType=INTEGER}, 
      #{hotValue,jdbcType=DOUBLE}, #{content,jdbcType=LONGVARCHAR})
  </insert>
  <insert id="insertSelective" parameterType="com.jzt.api.domain.Exposure" >
    <!--
      WARNING - @mbggenerated
      This element is automatically generated by MyBatis Generator, do not modify.
      This element was generated on Sun Mar 12 23:14:32 CST 2017.
    -->
    insert into exposure
    <trim prefix="(" suffix=")" suffixOverrides="," >
      <if test="eid != null" >
        eid,
      </if>
      <if test="platId != null" >
        plat_id,
      </if>
      <if test="title != null" >
        title,
      </if>
      <if test="productName != null" >
        product_name,
      </if>
      <if test="productUrl != null" >
        product_url,
      </if>
      <if test="type != null" >
        type,
      </if>
      <if test="icon != null" >
        icon,
      </if>
      <if test="agreeCnt != null" >
        agree_cnt,
      </if>
      <if test="commentCnt != null" >
        comment_cnt,
      </if>
      <if test="clickCnt != null" >
        click_cnt,
      </if>
      <if test="createdDate != null" >
        created_date,
      </if>
      <if test="lastUpdate != null" >
        last_update,
      </if>
      <if test="lastCommentEditor != null" >
        last_comment_editor,
      </if>
      <if test="lastComment != null" >
        last_comment,
      </if>
      <if test="checkedDate != null" >
        checked_date,
      </if>
      <if test="authorId != null" >
        author_id,
      </if>
      <if test="adminId != null" >
        admin_id,
      </if>
      <if test="state != null" >
        state,
      </if>
      <if test="hotValue != null" >
        hot_value,
      </if>
      <if test="content != null" >
        content,
      </if>
    </trim>
    <trim prefix="values (" suffix=")" suffixOverrides="," >
      <if test="eid != null" >
        #{eid,jdbcType=INTEGER},
      </if>
      <if test="platId != null" >
        #{platId,jdbcType=INTEGER},
      </if>
      <if test="title != null" >
        #{title,jdbcType=VARCHAR},
      </if>
      <if test="productName != null" >
        #{productName,jdbcType=VARCHAR},
      </if>
      <if test="productUrl != null" >
        #{productUrl,jdbcType=VARCHAR},
      </if>
      <if test="type != null" >
        #{type,jdbcType=INTEGER},
      </if>
      <if test="icon != null" >
        #{icon,jdbcType=VARCHAR},
      </if>
      <if test="agreeCnt != null" >
        #{agreeCnt,jdbcType=INTEGER},
      </if>
      <if test="commentCnt != null" >
        #{commentCnt,jdbcType=INTEGER},
      </if>
      <if test="clickCnt != null" >
        #{clickCnt,jdbcType=INTEGER},
      </if>
      <if test="createdDate != null" >
        #{createdDate,jdbcType=TIMESTAMP},
      </if>
      <if test="lastUpdate != null" >
        #{lastUpdate,jdbcType=TIMESTAMP},
      </if>
      <if test="lastCommentEditor != null" >
        #{lastCommentEditor,jdbcType=VARCHAR},
      </if>
      <if test="lastComment != null" >
        #{lastComment,jdbcType=TIMESTAMP},
      </if>
      <if test="checkedDate != null" >
        #{checkedDate,jdbcType=TIMESTAMP},
      </if>
      <if test="authorId != null" >
        #{authorId,jdbcType=INTEGER},
      </if>
      <if test="adminId != null" >
        #{adminId,jdbcType=INTEGER},
      </if>
      <if test="state != null" >
        #{state,jdbcType=INTEGER},
      </if>
      <if test="hotValue != null" >
        #{hotValue,jdbcType=DOUBLE},
      </if>
      <if test="content != null" >
        #{content,jdbcType=LONGVARCHAR},
      </if>
    </trim>
  </insert>
  <select id="countByExample" parameterType="com.jzt.api.domain.ExposureExample" resultType="java.lang.Integer" >
    <!--
      WARNING - @mbggenerated
      This element is automatically generated by MyBatis Generator, do not modify.
      This element was generated on Sun Mar 12 23:14:32 CST 2017.
    -->
    select count(*) from exposure
    <if test="_parameter != null" >
      <include refid="Example_Where_Clause" />
    </if>
  </select>
  <update id="updateByExampleSelective" parameterType="map" >
    <!--
      WARNING - @mbggenerated
      This element is automatically generated by MyBatis Generator, do not modify.
      This element was generated on Sun Mar 12 23:14:32 CST 2017.
    -->
    update exposure
    <set >
      <if test="record.eid != null" >
        eid = #{record.eid,jdbcType=INTEGER},
      </if>
      <if test="record.platId != null" >
        plat_id = #{record.platId,jdbcType=INTEGER},
      </if>
      <if test="record.title != null" >
        title = #{record.title,jdbcType=VARCHAR},
      </if>
      <if test="record.productName != null" >
        product_name = #{record.productName,jdbcType=VARCHAR},
      </if>
      <if test="record.productUrl != null" >
        product_url = #{record.productUrl,jdbcType=VARCHAR},
      </if>
      <if test="record.type != null" >
        type = #{record.type,jdbcType=INTEGER},
      </if>
      <if test="record.icon != null" >
        icon = #{record.icon,jdbcType=VARCHAR},
      </if>
      <if test="record.agreeCnt != null" >
        agree_cnt = #{record.agreeCnt,jdbcType=INTEGER},
      </if>
      <if test="record.commentCnt != null" >
        comment_cnt = #{record.commentCnt,jdbcType=INTEGER},
      </if>
      <if test="record.clickCnt != null" >
        click_cnt = #{record.clickCnt,jdbcType=INTEGER},
      </if>
      <if test="record.createdDate != null" >
        created_date = #{record.createdDate,jdbcType=TIMESTAMP},
      </if>
      <if test="record.lastUpdate != null" >
        last_update = #{record.lastUpdate,jdbcType=TIMESTAMP},
      </if>
      <if test="record.lastCommentEditor != null" >
        last_comment_editor = #{record.lastCommentEditor,jdbcType=VARCHAR},
      </if>
      <if test="record.lastComment != null" >
        last_comment = #{record.lastComment,jdbcType=TIMESTAMP},
      </if>
      <if test="record.checkedDate != null" >
        checked_date = #{record.checkedDate,jdbcType=TIMESTAMP},
      </if>
      <if test="record.authorId != null" >
        author_id = #{record.authorId,jdbcType=INTEGER},
      </if>
      <if test="record.adminId != null" >
        admin_id = #{record.adminId,jdbcType=INTEGER},
      </if>
      <if test="record.state != null" >
        state = #{record.state,jdbcType=INTEGER},
      </if>
      <if test="record.hotValue != null" >
        hot_value = #{record.hotValue,jdbcType=DOUBLE},
      </if>
      <if test="record.content != null" >
        content = #{record.content,jdbcType=LONGVARCHAR},
      </if>
    </set>
    <if test="_parameter != null" >
      <include refid="Update_By_Example_Where_Clause" />
    </if>
  </update>
  <update id="updateByExampleWithBLOBs" parameterType="map" >
    <!--
      WARNING - @mbggenerated
      This element is automatically generated by MyBatis Generator, do not modify.
      This element was generated on Sun Mar 12 23:14:32 CST 2017.
    -->
    update exposure
    set eid = #{record.eid,jdbcType=INTEGER},
      plat_id = #{record.platId,jdbcType=INTEGER},
      title = #{record.title,jdbcType=VARCHAR},
      product_name = #{record.productName,jdbcType=VARCHAR},
      product_url = #{record.productUrl,jdbcType=VARCHAR},
      type = #{record.type,jdbcType=INTEGER},
      icon = #{record.icon,jdbcType=VARCHAR},
      agree_cnt = #{record.agreeCnt,jdbcType=INTEGER},
      comment_cnt = #{record.commentCnt,jdbcType=INTEGER},
      click_cnt = #{record.clickCnt,jdbcType=INTEGER},
      created_date = #{record.createdDate,jdbcType=TIMESTAMP},
      last_update = #{record.lastUpdate,jdbcType=TIMESTAMP},
      last_comment_editor = #{record.lastCommentEditor,jdbcType=VARCHAR},
      last_comment = #{record.lastComment,jdbcType=TIMESTAMP},
      checked_date = #{record.checkedDate,jdbcType=TIMESTAMP},
      author_id = #{record.authorId,jdbcType=INTEGER},
      admin_id = #{record.adminId,jdbcType=INTEGER},
      state = #{record.state,jdbcType=INTEGER},
      hot_value = #{record.hotValue,jdbcType=DOUBLE},
      content = #{record.content,jdbcType=LONGVARCHAR}
    <if test="_parameter != null" >
      <include refid="Update_By_Example_Where_Clause" />
    </if>
  </update>
  <update id="updateByExample" parameterType="map" >
    <!--
      WARNING - @mbggenerated
      This element is automatically generated by MyBatis Generator, do not modify.
      This element was generated on Sun Mar 12 23:14:32 CST 2017.
    -->
    update exposure
    set eid = #{record.eid,jdbcType=INTEGER},
      plat_id = #{record.platId,jdbcType=INTEGER},
      title = #{record.title,jdbcType=VARCHAR},
      product_name = #{record.productName,jdbcType=VARCHAR},
      product_url = #{record.productUrl,jdbcType=VARCHAR},
      type = #{record.type,jdbcType=INTEGER},
      icon = #{record.icon,jdbcType=VARCHAR},
      agree_cnt = #{record.agreeCnt,jdbcType=INTEGER},
      comment_cnt = #{record.commentCnt,jdbcType=INTEGER},
      click_cnt = #{record.clickCnt,jdbcType=INTEGER},
      created_date = #{record.createdDate,jdbcType=TIMESTAMP},
      last_update = #{record.lastUpdate,jdbcType=TIMESTAMP},
      last_comment_editor = #{record.lastCommentEditor,jdbcType=VARCHAR},
      last_comment = #{record.lastComment,jdbcType=TIMESTAMP},
      checked_date = #{record.checkedDate,jdbcType=TIMESTAMP},
      author_id = #{record.authorId,jdbcType=INTEGER},
      admin_id = #{record.adminId,jdbcType=INTEGER},
      state = #{record.state,jdbcType=INTEGER},
      hot_value = #{record.hotValue,jdbcType=DOUBLE}
    <if test="_parameter != null" >
      <include refid="Update_By_Example_Where_Clause" />
    </if>
  </update>
  <update id="updateByPrimaryKeySelective" parameterType="com.jzt.api.domain.Exposure" >
    <!--
      WARNING - @mbggenerated
      This element is automatically generated by MyBatis Generator, do not modify.
      This element was generated on Sun Mar 12 23:14:32 CST 2017.
    -->
    update exposure
    <set >
      <if test="platId != null" >
        plat_id = #{platId,jdbcType=INTEGER},
      </if>
      <if test="title != null" >
        title = #{title,jdbcType=VARCHAR},
      </if>
      <if test="productName != null" >
        product_name = #{productName,jdbcType=VARCHAR},
      </if>
      <if test="productUrl != null" >
        product_url = #{productUrl,jdbcType=VARCHAR},
      </if>
      <if test="type != null" >
        type = #{type,jdbcType=INTEGER},
      </if>
      <if test="icon != null" >
        icon = #{icon,jdbcType=VARCHAR},
      </if>
      <if test="agreeCnt != null" >
        agree_cnt = #{agreeCnt,jdbcType=INTEGER},
      </if>
      <if test="commentCnt != null" >
        comment_cnt = #{commentCnt,jdbcType=INTEGER},
      </if>
      <if test="clickCnt != null" >
        click_cnt = #{clickCnt,jdbcType=INTEGER},
      </if>
      <if test="createdDate != null" >
        created_date = #{createdDate,jdbcType=TIMESTAMP},
      </if>
      <if test="lastUpdate != null" >
        last_update = #{lastUpdate,jdbcType=TIMESTAMP},
      </if>
      <if test="lastCommentEditor != null" >
        last_comment_editor = #{lastCommentEditor,jdbcType=VARCHAR},
      </if>
      <if test="lastComment != null" >
        last_comment = #{lastComment,jdbcType=TIMESTAMP},
      </if>
      <if test="checkedDate != null" >
        checked_date = #{checkedDate,jdbcType=TIMESTAMP},
      </if>
      <if test="authorId != null" >
        author_id = #{authorId,jdbcType=INTEGER},
      </if>
      <if test="adminId != null" >
        admin_id = #{adminId,jdbcType=INTEGER},
      </if>
      <if test="state != null" >
        state = #{state,jdbcType=INTEGER},
      </if>
      <if test="hotValue != null" >
        hot_value = #{hotValue,jdbcType=DOUBLE},
      </if>
      <if test="content != null" >
        content = #{content,jdbcType=LONGVARCHAR},
      </if>
    </set>
    where eid = #{eid,jdbcType=INTEGER}
  </update>
  <update id="updateByPrimaryKeyWithBLOBs" parameterType="com.jzt.api.domain.Exposure" >
    <!--
      WARNING - @mbggenerated
      This element is automatically generated by MyBatis Generator, do not modify.
      This element was generated on Sun Mar 12 23:14:32 CST 2017.
    -->
    update exposure
    set plat_id = #{platId,jdbcType=INTEGER},
      title = #{title,jdbcType=VARCHAR},
      product_name = #{productName,jdbcType=VARCHAR},
      product_url = #{productUrl,jdbcType=VARCHAR},
      type = #{type,jdbcType=INTEGER},
      icon = #{icon,jdbcType=VARCHAR},
      agree_cnt = #{agreeCnt,jdbcType=INTEGER},
      comment_cnt = #{commentCnt,jdbcType=INTEGER},
      click_cnt = #{clickCnt,jdbcType=INTEGER},
      created_date = #{createdDate,jdbcType=TIMESTAMP},
      last_update = #{lastUpdate,jdbcType=TIMESTAMP},
      last_comment_editor = #{lastCommentEditor,jdbcType=VARCHAR},
      last_comment = #{lastComment,jdbcType=TIMESTAMP},
      checked_date = #{checkedDate,jdbcType=TIMESTAMP},
      author_id = #{authorId,jdbcType=INTEGER},
      admin_id = #{adminId,jdbcType=INTEGER},
      state = #{state,jdbcType=INTEGER},
      hot_value = #{hotValue,jdbcType=DOUBLE},
      content = #{content,jdbcType=LONGVARCHAR}
    where eid = #{eid,jdbcType=INTEGER}
  </update>
  <update id="updateByPrimaryKey" parameterType="com.jzt.api.domain.Exposure" >
    <!--
      WARNING - @mbggenerated
      This element is automatically generated by MyBatis Generator, do not modify.
      This element was generated on Sun Mar 12 23:14:32 CST 2017.
    -->
    update exposure
    set plat_id = #{platId,jdbcType=INTEGER},
      title = #{title,jdbcType=VARCHAR},
      product_name = #{productName,jdbcType=VARCHAR},
      product_url = #{productUrl,jdbcType=VARCHAR},
      type = #{type,jdbcType=INTEGER},
      icon = #{icon,jdbcType=VARCHAR},
      agree_cnt = #{agreeCnt,jdbcType=INTEGER},
      comment_cnt = #{commentCnt,jdbcType=INTEGER},
      click_cnt = #{clickCnt,jdbcType=INTEGER},
      created_date = #{createdDate,jdbcType=TIMESTAMP},
      last_update = #{lastUpdate,jdbcType=TIMESTAMP},
      last_comment_editor = #{lastCommentEditor,jdbcType=VARCHAR},
      last_comment = #{lastComment,jdbcType=TIMESTAMP},
      checked_date = #{checkedDate,jdbcType=TIMESTAMP},
      author_id = #{authorId,jdbcType=INTEGER},
      admin_id = #{adminId,jdbcType=INTEGER},
      state = #{state,jdbcType=INTEGER},
      hot_value = #{hotValue,jdbcType=DOUBLE}
    where eid = #{eid,jdbcType=INTEGER}
  </update>
</mapper>