<?xml version="1.0" encoding="UTF-8" ?>
<!DOCTYPE mapper PUBLIC "-//mybatis.org//DTD Mapper 3.0//EN" "http://mybatis.org/dtd/mybatis-3-mapper.dtd" >
<mapper namespace="com.jzt.api.dao.HotPlatApprovalMapper" >
  <resultMap id="BaseResultMap" type="com.jzt.api.domain.HotPlatApproval" >
    <id column="id" property="id" jdbcType="INTEGER" />
    <result column="pId" property="pid" jdbcType="INTEGER" />
    <result column="hotpoint" property="hotpoint" jdbcType="INTEGER" />
    <result column="isCheck" property="ischeck" jdbcType="VARCHAR" />
    <result column="related_admin" property="relatedAdmin" jdbcType="INTEGER" />
    <result column="publish_time" property="publishTime" jdbcType="TIMESTAMP" />
    <result column="idx" property="idx" jdbcType="INTEGER" />
  </resultMap>
  <sql id="Example_Where_Clause" >
    <where >
      <foreach collection="oredCriteria" item="criteria" separator="or" >
        <if test="criteria.valid" >
          <trim prefix="(" suffix=")" prefixOverrides="and" >
            <foreach collection="criteria.criteria" item="criterion" >
              <choose >
                <when test="criterion.noValue" >
                  and ${criterion.condition}
                </when>
                <when test="criterion.singleValue" >
                  and ${criterion.condition} #{criterion.value}
                </when>
                <when test="criterion.betweenValue" >
                  and ${criterion.condition} #{criterion.value} and #{criterion.secondValue}
                </when>
                <when test="criterion.listValue" >
                  and ${criterion.condition}
                  <foreach collection="criterion.value" item="listItem" open="(" close=")" separator="," >
                    #{listItem}
                  </foreach>
                </when>
              </choose>
            </foreach>
          </trim>
        </if>
      </foreach>
    </where>
  </sql>
  <sql id="Update_By_Example_Where_Clause" >
    <where >
      <foreach collection="example.oredCriteria" item="criteria" separator="or" >
        <if test="criteria.valid" >
          <trim prefix="(" suffix=")" prefixOverrides="and" >
            <foreach collection="criteria.criteria" item="criterion" >
              <choose >
                <when test="criterion.noValue" >
                  and ${criterion.condition}
                </when>
                <when test="criterion.singleValue" >
                  and ${criterion.condition} #{criterion.value}
                </when>
                <when test="criterion.betweenValue" >
                  and ${criterion.condition} #{criterion.value} and #{criterion.secondValue}
                </when>
                <when test="criterion.listValue" >
                  and ${criterion.condition}
                  <foreach collection="criterion.value" item="listItem" open="(" close=")" separator="," >
                    #{listItem}
                  </foreach>
                </when>
              </choose>
            </foreach>
          </trim>
        </if>
      </foreach>
    </where>
  </sql>
  <sql id="Base_Column_List" >
    id, pId, hotpoint, isCheck, related_admin, publish_time, idx
  </sql>
  <select id="selectByExample" resultMap="BaseResultMap" parameterType="com.jzt.api.domain.HotPlatApprovalExample" >
    select
    <if test="distinct" >
      distinct
    </if>
    <include refid="Base_Column_List" />
    from hot_plat_approval
    <if test="_parameter != null" >
      <include refid="Example_Where_Clause" />
    </if>
    <if test="orderByClause != null" >
      order by ${orderByClause}
    </if>
  </select>
  <select id="selectByPrimaryKey" resultMap="BaseResultMap" parameterType="java.lang.Integer" >
    select 
    <include refid="Base_Column_List" />
    from hot_plat_approval
    where id = #{id,jdbcType=INTEGER}
  </select>
  <delete id="deleteByPrimaryKey" parameterType="java.lang.Integer" >
    delete from hot_plat_approval
    where id = #{id,jdbcType=INTEGER}
  </delete>
  <delete id="deleteByExample" parameterType="com.jzt.api.domain.HotPlatApprovalExample" >
    delete from hot_plat_approval
    <if test="_parameter != null" >
      <include refid="Example_Where_Clause" />
    </if>
  </delete>
  <insert id="insert" parameterType="com.jzt.api.domain.HotPlatApproval" >
    insert into hot_plat_approval (id, pId, hotpoint, 
      isCheck, related_admin, publish_time, 
      idx)
    values (#{id,jdbcType=INTEGER}, #{pid,jdbcType=INTEGER}, #{hotpoint,jdbcType=INTEGER}, 
      #{ischeck,jdbcType=VARCHAR}, #{relatedAdmin,jdbcType=INTEGER}, #{publishTime,jdbcType=TIMESTAMP}, 
      #{idx,jdbcType=INTEGER})
  </insert>
  <insert id="insertSelective" parameterType="com.jzt.api.domain.HotPlatApproval" >
    insert into hot_plat_approval
    <trim prefix="(" suffix=")" suffixOverrides="," >
      <if test="id != null" >
        id,
      </if>
      <if test="pid != null" >
        pId,
      </if>
      <if test="hotpoint != null" >
        hotpoint,
      </if>
      <if test="ischeck != null" >
        isCheck,
      </if>
      <if test="relatedAdmin != null" >
        related_admin,
      </if>
      <if test="publishTime != null" >
        publish_time,
      </if>
      <if test="idx != null" >
        idx,
      </if>
    </trim>
    <trim prefix="values (" suffix=")" suffixOverrides="," >
      <if test="id != null" >
        #{id,jdbcType=INTEGER},
      </if>
      <if test="pid != null" >
        #{pid,jdbcType=INTEGER},
      </if>
      <if test="hotpoint != null" >
        #{hotpoint,jdbcType=INTEGER},
      </if>
      <if test="ischeck != null" >
        #{ischeck,jdbcType=VARCHAR},
      </if>
      <if test="relatedAdmin != null" >
        #{relatedAdmin,jdbcType=INTEGER},
      </if>
      <if test="publishTime != null" >
        #{publishTime,jdbcType=TIMESTAMP},
      </if>
      <if test="idx != null" >
        #{idx,jdbcType=INTEGER},
      </if>
    </trim>
  </insert>
  <select id="countByExample" parameterType="com.jzt.api.domain.HotPlatApprovalExample" resultType="java.lang.Integer" >
    select count(*) from hot_plat_approval
    <if test="_parameter != null" >
      <include refid="Example_Where_Clause" />
    </if>
  </select>
  <update id="updateByExampleSelective" parameterType="map" >
    update hot_plat_approval
    <set >
      <if test="record.id != null" >
        id = #{record.id,jdbcType=INTEGER},
      </if>
      <if test="record.pid != null" >
        pId = #{record.pid,jdbcType=INTEGER},
      </if>
      <if test="record.hotpoint != null" >
        hotpoint = #{record.hotpoint,jdbcType=INTEGER},
      </if>
      <if test="record.ischeck != null" >
        isCheck = #{record.ischeck,jdbcType=VARCHAR},
      </if>
      <if test="record.relatedAdmin != null" >
        related_admin = #{record.relatedAdmin,jdbcType=INTEGER},
      </if>
      <if test="record.publishTime != null" >
        publish_time = #{record.publishTime,jdbcType=TIMESTAMP},
      </if>
      <if test="record.idx != null" >
        idx = #{record.idx,jdbcType=INTEGER},
      </if>
    </set>
    <if test="_parameter != null" >
      <include refid="Update_By_Example_Where_Clause" />
    </if>
  </update>
  <update id="updateByExample" parameterType="map" >
    update hot_plat_approval
    set id = #{record.id,jdbcType=INTEGER},
      pId = #{record.pid,jdbcType=INTEGER},
      hotpoint = #{record.hotpoint,jdbcType=INTEGER},
      isCheck = #{record.ischeck,jdbcType=VARCHAR},
      related_admin = #{record.relatedAdmin,jdbcType=INTEGER},
      publish_time = #{record.publishTime,jdbcType=TIMESTAMP},
      idx = #{record.idx,jdbcType=INTEGER}
    <if test="_parameter != null" >
      <include refid="Update_By_Example_Where_Clause" />
    </if>
  </update>
  <update id="updateByPrimaryKeySelective" parameterType="com.jzt.api.domain.HotPlatApproval" >
    update hot_plat_approval
    <set >
      <if test="pid != null" >
        pId = #{pid,jdbcType=INTEGER},
      </if>
      <if test="hotpoint != null" >
        hotpoint = #{hotpoint,jdbcType=INTEGER},
      </if>
      <if test="ischeck != null" >
        isCheck = #{ischeck,jdbcType=VARCHAR},
      </if>
      <if test="relatedAdmin != null" >
        related_admin = #{relatedAdmin,jdbcType=INTEGER},
      </if>
      <if test="publishTime != null" >
        publish_time = #{publishTime,jdbcType=TIMESTAMP},
      </if>
      <if test="idx != null" >
        idx = #{idx,jdbcType=INTEGER},
      </if>
    </set>
    where id = #{id,jdbcType=INTEGER}
  </update>
  <update id="updateByPrimaryKey" parameterType="com.jzt.api.domain.HotPlatApproval" >
    update hot_plat_approval
    set pId = #{pid,jdbcType=INTEGER},
      hotpoint = #{hotpoint,jdbcType=INTEGER},
      isCheck = #{ischeck,jdbcType=VARCHAR},
      related_admin = #{relatedAdmin,jdbcType=INTEGER},
      publish_time = #{publishTime,jdbcType=TIMESTAMP},
      idx = #{idx,jdbcType=INTEGER}
    where id = #{id,jdbcType=INTEGER}
  </update>
</mapper>