<?xml version="1.0" encoding="UTF-8" ?>
<!DOCTYPE mapper PUBLIC "-//mybatis.org//DTD Mapper 3.0//EN" "http://mybatis.org/dtd/mybatis-3-mapper.dtd" >
<mapper namespace="com.jzt.api.dao.OrdersMapper" >
  <resultMap id="BaseResultMap" type="com.jzt.api.domain.Orders" >
    <!--
      WARNING - @mbggenerated
      This element is automatically generated by MyBatis Generator, do not modify.
      This element was generated on Tue Mar 14 23:12:21 CST 2017.
    -->
    <id column="id" property="id" jdbcType="INTEGER" />
    <result column="order_id" property="orderId" jdbcType="VARCHAR" />
    <result column="user_id" property="userId" jdbcType="INTEGER" />
    <result column="product_id" property="productId" jdbcType="INTEGER" />
    <result column="charge_id" property="chargeId" jdbcType="VARCHAR" />
    <result column="total" property="total" jdbcType="VARCHAR" />
    <result column="amount" property="amount" jdbcType="INTEGER" />
    <result column="payment" property="payment" jdbcType="VARCHAR" />
    <result column="address_id" property="addressId" jdbcType="INTEGER" />
    <result column="logistics_id" property="logisticsId" jdbcType="INTEGER" />
    <result column="message" property="message" jdbcType="VARCHAR" />
    <result column="status" property="status" jdbcType="INTEGER" />
    <result column="create_time" property="createTime" jdbcType="TIMESTAMP" />
    <result column="update_time" property="updateTime" jdbcType="TIMESTAMP" />
  </resultMap>
  <sql id="Example_Where_Clause" >
    <!--
      WARNING - @mbggenerated
      This element is automatically generated by MyBatis Generator, do not modify.
      This element was generated on Tue Mar 14 23:12:21 CST 2017.
    -->
    <where >
      <foreach collection="oredCriteria" item="criteria" separator="or" >
        <if test="criteria.valid" >
          <trim prefix="(" suffix=")" prefixOverrides="and" >
            <foreach collection="criteria.criteria" item="criterion" >
              <choose >
                <when test="criterion.noValue" >
                  and ${criterion.condition}
                </when>
                <when test="criterion.singleValue" >
                  and ${criterion.condition} #{criterion.value}
                </when>
                <when test="criterion.betweenValue" >
                  and ${criterion.condition} #{criterion.value} and #{criterion.secondValue}
                </when>
                <when test="criterion.listValue" >
                  and ${criterion.condition}
                  <foreach collection="criterion.value" item="listItem" open="(" close=")" separator="," >
                    #{listItem}
                  </foreach>
                </when>
              </choose>
            </foreach>
          </trim>
        </if>
      </foreach>
    </where>
  </sql>
  <sql id="Update_By_Example_Where_Clause" >
    <!--
      WARNING - @mbggenerated
      This element is automatically generated by MyBatis Generator, do not modify.
      This element was generated on Tue Mar 14 23:12:21 CST 2017.
    -->
    <where >
      <foreach collection="example.oredCriteria" item="criteria" separator="or" >
        <if test="criteria.valid" >
          <trim prefix="(" suffix=")" prefixOverrides="and" >
            <foreach collection="criteria.criteria" item="criterion" >
              <choose >
                <when test="criterion.noValue" >
                  and ${criterion.condition}
                </when>
                <when test="criterion.singleValue" >
                  and ${criterion.condition} #{criterion.value}
                </when>
                <when test="criterion.betweenValue" >
                  and ${criterion.condition} #{criterion.value} and #{criterion.secondValue}
                </when>
                <when test="criterion.listValue" >
                  and ${criterion.condition}
                  <foreach collection="criterion.value" item="listItem" open="(" close=")" separator="," >
                    #{listItem}
                  </foreach>
                </when>
              </choose>
            </foreach>
          </trim>
        </if>
      </foreach>
    </where>
  </sql>
  <sql id="Base_Column_List" >
    <!--
      WARNING - @mbggenerated
      This element is automatically generated by MyBatis Generator, do not modify.
      This element was generated on Tue Mar 14 23:12:21 CST 2017.
    -->
    id, order_id, user_id, product_id, charge_id, total, amount, payment, address_id, 
    logistics_id, message, status, create_time, update_time
  </sql>
  <select id="selectByExample" resultMap="BaseResultMap" parameterType="com.jzt.api.domain.OrdersExample" >
    <!--
      WARNING - @mbggenerated
      This element is automatically generated by MyBatis Generator, do not modify.
      This element was generated on Tue Mar 14 23:12:21 CST 2017.
    -->
    select
    <if test="distinct" >
      distinct
    </if>
    <include refid="Base_Column_List" />
    from orders
    <if test="_parameter != null" >
      <include refid="Example_Where_Clause" />
    </if>
    <if test="orderByClause != null" >
      order by ${orderByClause}
    </if>
  </select>
  <select id="selectByPrimaryKey" resultMap="BaseResultMap" parameterType="java.lang.Integer" >
    <!--
      WARNING - @mbggenerated
      This element is automatically generated by MyBatis Generator, do not modify.
      This element was generated on Tue Mar 14 23:12:21 CST 2017.
    -->
    select 
    <include refid="Base_Column_List" />
    from orders
    where id = #{id,jdbcType=INTEGER}
  </select>
  <delete id="deleteByPrimaryKey" parameterType="java.lang.Integer" >
    <!--
      WARNING - @mbggenerated
      This element is automatically generated by MyBatis Generator, do not modify.
      This element was generated on Tue Mar 14 23:12:21 CST 2017.
    -->
    delete from orders
    where id = #{id,jdbcType=INTEGER}
  </delete>
  <delete id="deleteByExample" parameterType="com.jzt.api.domain.OrdersExample" >
    <!--
      WARNING - @mbggenerated
      This element is automatically generated by MyBatis Generator, do not modify.
      This element was generated on Tue Mar 14 23:12:21 CST 2017.
    -->
    delete from orders
    <if test="_parameter != null" >
      <include refid="Example_Where_Clause" />
    </if>
  </delete>
  <insert id="insert" parameterType="com.jzt.api.domain.Orders" >
    <!--
      WARNING - @mbggenerated
      This element is automatically generated by MyBatis Generator, do not modify.
      This element was generated on Tue Mar 14 23:12:21 CST 2017.
    -->
    insert into orders (id, order_id, user_id, 
      product_id, charge_id, total, 
      amount, payment, address_id, 
      logistics_id, message, status, 
      create_time, update_time)
    values (#{id,jdbcType=INTEGER}, #{orderId,jdbcType=VARCHAR}, #{userId,jdbcType=INTEGER}, 
      #{productId,jdbcType=INTEGER}, #{chargeId,jdbcType=VARCHAR}, #{total,jdbcType=VARCHAR}, 
      #{amount,jdbcType=INTEGER}, #{payment,jdbcType=VARCHAR}, #{addressId,jdbcType=INTEGER}, 
      #{logisticsId,jdbcType=INTEGER}, #{message,jdbcType=VARCHAR}, #{status,jdbcType=INTEGER}, 
      #{createTime,jdbcType=TIMESTAMP}, #{updateTime,jdbcType=TIMESTAMP})
  </insert>
  <insert id="insertSelective" parameterType="com.jzt.api.domain.Orders" >
    <!--
      WARNING - @mbggenerated
      This element is automatically generated by MyBatis Generator, do not modify.
      This element was generated on Tue Mar 14 23:12:21 CST 2017.
    -->
    insert into orders
    <trim prefix="(" suffix=")" suffixOverrides="," >
      <if test="id != null" >
        id,
      </if>
      <if test="orderId != null" >
        order_id,
      </if>
      <if test="userId != null" >
        user_id,
      </if>
      <if test="productId != null" >
        product_id,
      </if>
      <if test="chargeId != null" >
        charge_id,
      </if>
      <if test="total != null" >
        total,
      </if>
      <if test="amount != null" >
        amount,
      </if>
      <if test="payment != null" >
        payment,
      </if>
      <if test="addressId != null" >
        address_id,
      </if>
      <if test="logisticsId != null" >
        logistics_id,
      </if>
      <if test="message != null" >
        message,
      </if>
      <if test="status != null" >
        status,
      </if>
      <if test="createTime != null" >
        create_time,
      </if>
      <if test="updateTime != null" >
        update_time,
      </if>
    </trim>
    <trim prefix="values (" suffix=")" suffixOverrides="," >
      <if test="id != null" >
        #{id,jdbcType=INTEGER},
      </if>
      <if test="orderId != null" >
        #{orderId,jdbcType=VARCHAR},
      </if>
      <if test="userId != null" >
        #{userId,jdbcType=INTEGER},
      </if>
      <if test="productId != null" >
        #{productId,jdbcType=INTEGER},
      </if>
      <if test="chargeId != null" >
        #{chargeId,jdbcType=VARCHAR},
      </if>
      <if test="total != null" >
        #{total,jdbcType=VARCHAR},
      </if>
      <if test="amount != null" >
        #{amount,jdbcType=INTEGER},
      </if>
      <if test="payment != null" >
        #{payment,jdbcType=VARCHAR},
      </if>
      <if test="addressId != null" >
        #{addressId,jdbcType=INTEGER},
      </if>
      <if test="logisticsId != null" >
        #{logisticsId,jdbcType=INTEGER},
      </if>
      <if test="message != null" >
        #{message,jdbcType=VARCHAR},
      </if>
      <if test="status != null" >
        #{status,jdbcType=INTEGER},
      </if>
      <if test="createTime != null" >
        #{createTime,jdbcType=TIMESTAMP},
      </if>
      <if test="updateTime != null" >
        #{updateTime,jdbcType=TIMESTAMP},
      </if>
    </trim>
  </insert>
  <select id="countByExample" parameterType="com.jzt.api.domain.OrdersExample" resultType="java.lang.Integer" >
    <!--
      WARNING - @mbggenerated
      This element is automatically generated by MyBatis Generator, do not modify.
      This element was generated on Tue Mar 14 23:12:21 CST 2017.
    -->
    select count(*) from orders
    <if test="_parameter != null" >
      <include refid="Example_Where_Clause" />
    </if>
  </select>
  <update id="updateByExampleSelective" parameterType="map" >
    <!--
      WARNING - @mbggenerated
      This element is automatically generated by MyBatis Generator, do not modify.
      This element was generated on Tue Mar 14 23:12:21 CST 2017.
    -->
    update orders
    <set >
      <if test="record.id != null" >
        id = #{record.id,jdbcType=INTEGER},
      </if>
      <if test="record.orderId != null" >
        order_id = #{record.orderId,jdbcType=VARCHAR},
      </if>
      <if test="record.userId != null" >
        user_id = #{record.userId,jdbcType=INTEGER},
      </if>
      <if test="record.productId != null" >
        product_id = #{record.productId,jdbcType=INTEGER},
      </if>
      <if test="record.chargeId != null" >
        charge_id = #{record.chargeId,jdbcType=VARCHAR},
      </if>
      <if test="record.total != null" >
        total = #{record.total,jdbcType=VARCHAR},
      </if>
      <if test="record.amount != null" >
        amount = #{record.amount,jdbcType=INTEGER},
      </if>
      <if test="record.payment != null" >
        payment = #{record.payment,jdbcType=VARCHAR},
      </if>
      <if test="record.addressId != null" >
        address_id = #{record.addressId,jdbcType=INTEGER},
      </if>
      <if test="record.logisticsId != null" >
        logistics_id = #{record.logisticsId,jdbcType=INTEGER},
      </if>
      <if test="record.message != null" >
        message = #{record.message,jdbcType=VARCHAR},
      </if>
      <if test="record.status != null" >
        status = #{record.status,jdbcType=INTEGER},
      </if>
      <if test="record.createTime != null" >
        create_time = #{record.createTime,jdbcType=TIMESTAMP},
      </if>
      <if test="record.updateTime != null" >
        update_time = #{record.updateTime,jdbcType=TIMESTAMP},
      </if>
    </set>
    <if test="_parameter != null" >
      <include refid="Update_By_Example_Where_Clause" />
    </if>
  </update>
  <update id="updateByExample" parameterType="map" >
    <!--
      WARNING - @mbggenerated
      This element is automatically generated by MyBatis Generator, do not modify.
      This element was generated on Tue Mar 14 23:12:21 CST 2017.
    -->
    update orders
    set id = #{record.id,jdbcType=INTEGER},
      order_id = #{record.orderId,jdbcType=VARCHAR},
      user_id = #{record.userId,jdbcType=INTEGER},
      product_id = #{record.productId,jdbcType=INTEGER},
      charge_id = #{record.chargeId,jdbcType=VARCHAR},
      total = #{record.total,jdbcType=VARCHAR},
      amount = #{record.amount,jdbcType=INTEGER},
      payment = #{record.payment,jdbcType=VARCHAR},
      address_id = #{record.addressId,jdbcType=INTEGER},
      logistics_id = #{record.logisticsId,jdbcType=INTEGER},
      message = #{record.message,jdbcType=VARCHAR},
      status = #{record.status,jdbcType=INTEGER},
      create_time = #{record.createTime,jdbcType=TIMESTAMP},
      update_time = #{record.updateTime,jdbcType=TIMESTAMP}
    <if test="_parameter != null" >
      <include refid="Update_By_Example_Where_Clause" />
    </if>
  </update>
  <update id="updateByPrimaryKeySelective" parameterType="com.jzt.api.domain.Orders" >
    <!--
      WARNING - @mbggenerated
      This element is automatically generated by MyBatis Generator, do not modify.
      This element was generated on Tue Mar 14 23:12:21 CST 2017.
    -->
    update orders
    <set >
      <if test="orderId != null" >
        order_id = #{orderId,jdbcType=VARCHAR},
      </if>
      <if test="userId != null" >
        user_id = #{userId,jdbcType=INTEGER},
      </if>
      <if test="productId != null" >
        product_id = #{productId,jdbcType=INTEGER},
      </if>
      <if test="chargeId != null" >
        charge_id = #{chargeId,jdbcType=VARCHAR},
      </if>
      <if test="total != null" >
        total = #{total,jdbcType=VARCHAR},
      </if>
      <if test="amount != null" >
        amount = #{amount,jdbcType=INTEGER},
      </if>
      <if test="payment != null" >
        payment = #{payment,jdbcType=VARCHAR},
      </if>
      <if test="addressId != null" >
        address_id = #{addressId,jdbcType=INTEGER},
      </if>
      <if test="logisticsId != null" >
        logistics_id = #{logisticsId,jdbcType=INTEGER},
      </if>
      <if test="message != null" >
        message = #{message,jdbcType=VARCHAR},
      </if>
      <if test="status != null" >
        status = #{status,jdbcType=INTEGER},
      </if>
      <if test="createTime != null" >
        create_time = #{createTime,jdbcType=TIMESTAMP},
      </if>
      <if test="updateTime != null" >
        update_time = #{updateTime,jdbcType=TIMESTAMP},
      </if>
    </set>
    where id = #{id,jdbcType=INTEGER}
  </update>
  <update id="updateByPrimaryKey" parameterType="com.jzt.api.domain.Orders" >
    <!--
      WARNING - @mbggenerated
      This element is automatically generated by MyBatis Generator, do not modify.
      This element was generated on Tue Mar 14 23:12:21 CST 2017.
    -->
    update orders
    set order_id = #{orderId,jdbcType=VARCHAR},
      user_id = #{userId,jdbcType=INTEGER},
      product_id = #{productId,jdbcType=INTEGER},
      charge_id = #{chargeId,jdbcType=VARCHAR},
      total = #{total,jdbcType=VARCHAR},
      amount = #{amount,jdbcType=INTEGER},
      payment = #{payment,jdbcType=VARCHAR},
      address_id = #{addressId,jdbcType=INTEGER},
      logistics_id = #{logisticsId,jdbcType=INTEGER},
      message = #{message,jdbcType=VARCHAR},
      status = #{status,jdbcType=INTEGER},
      create_time = #{createTime,jdbcType=TIMESTAMP},
      update_time = #{updateTime,jdbcType=TIMESTAMP}
    where id = #{id,jdbcType=INTEGER}
  </update>
</mapper>