<?xml version="1.0" encoding="UTF-8" ?>
<!DOCTYPE mapper PUBLIC "-//mybatis.org//DTD Mapper 3.0//EN" "http://mybatis.org/dtd/mybatis-3-mapper.dtd" >
<mapper namespace="com.jzt.api.dao.P2pDynamicMapper" >
  <resultMap id="BaseResultMap" type="com.jzt.api.domain.P2pDynamic" >
    <!--
      WARNING - @mbggenerated
      This element is automatically generated by MyBatis Generator, do not modify.
      This element was generated on Sun Mar 12 23:14:32 CST 2017.
    -->
    <id column="id" property="id" jdbcType="INTEGER" />
    <result column="plat_id" property="platId" jdbcType="INTEGER" />
    <result column="total_turnover" property="totalTurnover" jdbcType="REAL" />
    <result column="total_turnover_day" property="totalTurnoverDay" jdbcType="REAL" />
    <result column="total_turnover_week" property="totalTurnoverWeek" jdbcType="REAL" />
    <result column="total_turnover_month" property="totalTurnoverMonth" jdbcType="REAL" />
    <result column="total_unrepay_amount" property="totalUnrepayAmount" jdbcType="REAL" />
    <result column="avg_interest_rate" property="avgInterestRate" jdbcType="REAL" />
    <result column="avg_interest_rate_day" property="avgInterestRateDay" jdbcType="REAL" />
    <result column="avg_interest_rate_week" property="avgInterestRateWeek" jdbcType="REAL" />
    <result column="avg_interest_rate_month" property="avgInterestRateMonth" jdbcType="REAL" />
    <result column="total_investment" property="totalInvestment" jdbcType="INTEGER" />
    <result column="total_investment_day" property="totalInvestmentDay" jdbcType="INTEGER" />
    <result column="total_investment_week" property="totalInvestmentWeek" jdbcType="INTEGER" />
    <result column="total_investment_month" property="totalInvestmentMonth" jdbcType="INTEGER" />
    <result column="total_borrower" property="totalBorrower" jdbcType="INTEGER" />
    <result column="total_borrower_day" property="totalBorrowerDay" jdbcType="INTEGER" />
    <result column="total_borrower_week" property="totalBorrowerWeek" jdbcType="INTEGER" />
    <result column="total_borrower_month" property="totalBorrowerMonth" jdbcType="INTEGER" />
    <result column="avg_repay_period" property="avgRepayPeriod" jdbcType="REAL" />
    <result column="avg_repay_period_day" property="avgRepayPeriodDay" jdbcType="REAL" />
    <result column="avg_repay_period_week" property="avgRepayPeriodWeek" jdbcType="REAL" />
    <result column="avg_repay_period_month" property="avgRepayPeriodMonth" jdbcType="REAL" />
    <result column="ivestment_amount_per_person" property="ivestmentAmountPerPerson" jdbcType="REAL" />
    <result column="ivestment_amount_per_person_day" property="ivestmentAmountPerPersonDay" jdbcType="REAL" />
    <result column="ivestment_amount_per_person_week" property="ivestmentAmountPerPersonWeek" jdbcType="REAL" />
    <result column="ivestment_amount_per_person_month" property="ivestmentAmountPerPersonMonth" jdbcType="REAL" />
    <result column="borrow_amount_per_person" property="borrowAmountPerPerson" jdbcType="REAL" />
    <result column="borrow_amount_per_person_day" property="borrowAmountPerPersonDay" jdbcType="REAL" />
    <result column="borrow_amount_per_person_week" property="borrowAmountPerPersonWeek" jdbcType="REAL" />
    <result column="borrow_amount_per_person_month" property="borrowAmountPerPersonMonth" jdbcType="REAL" />
    <result column="topten_rate" property="toptenRate" jdbcType="REAL" />
    <result column="topten_borrow" property="toptenBorrow" jdbcType="REAL" />
    <result column="time_weight_amount" property="timeWeightAmount" jdbcType="REAL" />
    <result column="time_weight_amount_day" property="timeWeightAmountDay" jdbcType="REAL" />
    <result column="time_weight_amount_week" property="timeWeightAmountWeek" jdbcType="REAL" />
    <result column="time_weight_amount_month" property="timeWeightAmountMonth" jdbcType="REAL" />
    <result column="borrow_amount" property="borrowAmount" jdbcType="INTEGER" />
    <result column="borrow_amount_day" property="borrowAmountDay" jdbcType="INTEGER" />
    <result column="borrow_amount_week" property="borrowAmountWeek" jdbcType="INTEGER" />
    <result column="borrow_amount_month" property="borrowAmountMonth" jdbcType="INTEGER" />
    <result column="time_for_full_bid" property="timeForFullBid" jdbcType="REAL" />
    <result column="time_for_full_bid_day" property="timeForFullBidDay" jdbcType="REAL" />
    <result column="time_for_full_bid_week" property="timeForFullBidWeek" jdbcType="REAL" />
    <result column="time_for_full_bid_month" property="timeForFullBidMonth" jdbcType="REAL" />
    <result column="month_net_income" property="monthNetIncome" jdbcType="REAL" />
    <result column="accounted_revenue_in_60_days" property="accountedRevenueIn60Days" jdbcType="REAL" />
    <result column="capital_lever" property="capitalLever" jdbcType="REAL" />
    <result column="service_time" property="serviceTime" jdbcType="INTEGER" />
    <result column="update_date" property="updateDate" jdbcType="DATE" />
    <result column="create_time" property="createTime" jdbcType="TIMESTAMP" />
    <result column="update_time" property="updateTime" jdbcType="TIMESTAMP" />
  </resultMap>
  <sql id="Example_Where_Clause" >
    <!--
      WARNING - @mbggenerated
      This element is automatically generated by MyBatis Generator, do not modify.
      This element was generated on Sun Mar 12 23:14:32 CST 2017.
    -->
    <where >
      <foreach collection="oredCriteria" item="criteria" separator="or" >
        <if test="criteria.valid" >
          <trim prefix="(" suffix=")" prefixOverrides="and" >
            <foreach collection="criteria.criteria" item="criterion" >
              <choose >
                <when test="criterion.noValue" >
                  and ${criterion.condition}
                </when>
                <when test="criterion.singleValue" >
                  and ${criterion.condition} #{criterion.value}
                </when>
                <when test="criterion.betweenValue" >
                  and ${criterion.condition} #{criterion.value} and #{criterion.secondValue}
                </when>
                <when test="criterion.listValue" >
                  and ${criterion.condition}
                  <foreach collection="criterion.value" item="listItem" open="(" close=")" separator="," >
                    #{listItem}
                  </foreach>
                </when>
              </choose>
            </foreach>
          </trim>
        </if>
      </foreach>
    </where>
  </sql>
  <sql id="Update_By_Example_Where_Clause" >
    <!--
      WARNING - @mbggenerated
      This element is automatically generated by MyBatis Generator, do not modify.
      This element was generated on Sun Mar 12 23:14:32 CST 2017.
    -->
    <where >
      <foreach collection="example.oredCriteria" item="criteria" separator="or" >
        <if test="criteria.valid" >
          <trim prefix="(" suffix=")" prefixOverrides="and" >
            <foreach collection="criteria.criteria" item="criterion" >
              <choose >
                <when test="criterion.noValue" >
                  and ${criterion.condition}
                </when>
                <when test="criterion.singleValue" >
                  and ${criterion.condition} #{criterion.value}
                </when>
                <when test="criterion.betweenValue" >
                  and ${criterion.condition} #{criterion.value} and #{criterion.secondValue}
                </when>
                <when test="criterion.listValue" >
                  and ${criterion.condition}
                  <foreach collection="criterion.value" item="listItem" open="(" close=")" separator="," >
                    #{listItem}
                  </foreach>
                </when>
              </choose>
            </foreach>
          </trim>
        </if>
      </foreach>
    </where>
  </sql>
  <sql id="Base_Column_List" >
    <!--
      WARNING - @mbggenerated
      This element is automatically generated by MyBatis Generator, do not modify.
      This element was generated on Sun Mar 12 23:14:32 CST 2017.
    -->
    id, plat_id, total_turnover, total_turnover_day, total_turnover_week, total_turnover_month, 
    total_unrepay_amount, avg_interest_rate, avg_interest_rate_day, avg_interest_rate_week, 
    avg_interest_rate_month, total_investment, total_investment_day, total_investment_week, 
    total_investment_month, total_borrower, total_borrower_day, total_borrower_week, 
    total_borrower_month, avg_repay_period, avg_repay_period_day, avg_repay_period_week, 
    avg_repay_period_month, ivestment_amount_per_person, ivestment_amount_per_person_day, 
    ivestment_amount_per_person_week, ivestment_amount_per_person_month, borrow_amount_per_person, 
    borrow_amount_per_person_day, borrow_amount_per_person_week, borrow_amount_per_person_month, 
    topten_rate, topten_borrow, time_weight_amount, time_weight_amount_day, time_weight_amount_week, 
    time_weight_amount_month, borrow_amount, borrow_amount_day, borrow_amount_week, borrow_amount_month, 
    time_for_full_bid, time_for_full_bid_day, time_for_full_bid_week, time_for_full_bid_month, 
    month_net_income, accounted_revenue_in_60_days, capital_lever, service_time, update_date, 
    create_time, update_time
  </sql>
  <select id="selectByExample" resultMap="BaseResultMap" parameterType="com.jzt.api.domain.P2pDynamicExample" >
    <!--
      WARNING - @mbggenerated
      This element is automatically generated by MyBatis Generator, do not modify.
      This element was generated on Sun Mar 12 23:14:32 CST 2017.
    -->
    select
    <if test="distinct" >
      distinct
    </if>
    <include refid="Base_Column_List" />
    from p2p_dynamic
    <if test="_parameter != null" >
      <include refid="Example_Where_Clause" />
    </if>
    <if test="orderByClause != null" >
      order by ${orderByClause}
    </if>
  </select>
  <select id="selectByPrimaryKey" resultMap="BaseResultMap" parameterType="java.lang.Integer" >
    <!--
      WARNING - @mbggenerated
      This element is automatically generated by MyBatis Generator, do not modify.
      This element was generated on Sun Mar 12 23:14:32 CST 2017.
    -->
    select 
    <include refid="Base_Column_List" />
    from p2p_dynamic
    where id = #{id,jdbcType=INTEGER}
  </select>
  <delete id="deleteByPrimaryKey" parameterType="java.lang.Integer" >
    <!--
      WARNING - @mbggenerated
      This element is automatically generated by MyBatis Generator, do not modify.
      This element was generated on Sun Mar 12 23:14:32 CST 2017.
    -->
    delete from p2p_dynamic
    where id = #{id,jdbcType=INTEGER}
  </delete>
  <delete id="deleteByExample" parameterType="com.jzt.api.domain.P2pDynamicExample" >
    <!--
      WARNING - @mbggenerated
      This element is automatically generated by MyBatis Generator, do not modify.
      This element was generated on Sun Mar 12 23:14:32 CST 2017.
    -->
    delete from p2p_dynamic
    <if test="_parameter != null" >
      <include refid="Example_Where_Clause" />
    </if>
  </delete>
  <insert id="insert" parameterType="com.jzt.api.domain.P2pDynamic" >
    <!--
      WARNING - @mbggenerated
      This element is automatically generated by MyBatis Generator, do not modify.
      This element was generated on Sun Mar 12 23:14:32 CST 2017.
    -->
    insert into p2p_dynamic (id, plat_id, total_turnover, 
      total_turnover_day, total_turnover_week, total_turnover_month, 
      total_unrepay_amount, avg_interest_rate, avg_interest_rate_day, 
      avg_interest_rate_week, avg_interest_rate_month, total_investment, 
      total_investment_day, total_investment_week, 
      total_investment_month, total_borrower, total_borrower_day, 
      total_borrower_week, total_borrower_month, 
      avg_repay_period, avg_repay_period_day, avg_repay_period_week, 
      avg_repay_period_month, ivestment_amount_per_person, 
      ivestment_amount_per_person_day, ivestment_amount_per_person_week, 
      ivestment_amount_per_person_month, borrow_amount_per_person, 
      borrow_amount_per_person_day, borrow_amount_per_person_week, 
      borrow_amount_per_person_month, topten_rate, topten_borrow, 
      time_weight_amount, time_weight_amount_day, time_weight_amount_week, 
      time_weight_amount_month, borrow_amount, borrow_amount_day, 
      borrow_amount_week, borrow_amount_month, time_for_full_bid, 
      time_for_full_bid_day, time_for_full_bid_week, time_for_full_bid_month, 
      month_net_income, accounted_revenue_in_60_days, capital_lever, 
      service_time, update_date, create_time, 
      update_time)
    values (#{id,jdbcType=INTEGER}, #{platId,jdbcType=INTEGER}, #{totalTurnover,jdbcType=REAL}, 
      #{totalTurnoverDay,jdbcType=REAL}, #{totalTurnoverWeek,jdbcType=REAL}, #{totalTurnoverMonth,jdbcType=REAL}, 
      #{totalUnrepayAmount,jdbcType=REAL}, #{avgInterestRate,jdbcType=REAL}, #{avgInterestRateDay,jdbcType=REAL}, 
      #{avgInterestRateWeek,jdbcType=REAL}, #{avgInterestRateMonth,jdbcType=REAL}, #{totalInvestment,jdbcType=INTEGER}, 
      #{totalInvestmentDay,jdbcType=INTEGER}, #{totalInvestmentWeek,jdbcType=INTEGER}, 
      #{totalInvestmentMonth,jdbcType=INTEGER}, #{totalBorrower,jdbcType=INTEGER}, #{totalBorrowerDay,jdbcType=INTEGER}, 
      #{totalBorrowerWeek,jdbcType=INTEGER}, #{totalBorrowerMonth,jdbcType=INTEGER}, 
      #{avgRepayPeriod,jdbcType=REAL}, #{avgRepayPeriodDay,jdbcType=REAL}, #{avgRepayPeriodWeek,jdbcType=REAL}, 
      #{avgRepayPeriodMonth,jdbcType=REAL}, #{ivestmentAmountPerPerson,jdbcType=REAL}, 
      #{ivestmentAmountPerPersonDay,jdbcType=REAL}, #{ivestmentAmountPerPersonWeek,jdbcType=REAL}, 
      #{ivestmentAmountPerPersonMonth,jdbcType=REAL}, #{borrowAmountPerPerson,jdbcType=REAL}, 
      #{borrowAmountPerPersonDay,jdbcType=REAL}, #{borrowAmountPerPersonWeek,jdbcType=REAL}, 
      #{borrowAmountPerPersonMonth,jdbcType=REAL}, #{toptenRate,jdbcType=REAL}, #{toptenBorrow,jdbcType=REAL}, 
      #{timeWeightAmount,jdbcType=REAL}, #{timeWeightAmountDay,jdbcType=REAL}, #{timeWeightAmountWeek,jdbcType=REAL}, 
      #{timeWeightAmountMonth,jdbcType=REAL}, #{borrowAmount,jdbcType=INTEGER}, #{borrowAmountDay,jdbcType=INTEGER}, 
      #{borrowAmountWeek,jdbcType=INTEGER}, #{borrowAmountMonth,jdbcType=INTEGER}, #{timeForFullBid,jdbcType=REAL}, 
      #{timeForFullBidDay,jdbcType=REAL}, #{timeForFullBidWeek,jdbcType=REAL}, #{timeForFullBidMonth,jdbcType=REAL}, 
      #{monthNetIncome,jdbcType=REAL}, #{accountedRevenueIn60Days,jdbcType=REAL}, #{capitalLever,jdbcType=REAL}, 
      #{serviceTime,jdbcType=INTEGER}, #{updateDate,jdbcType=DATE}, #{createTime,jdbcType=TIMESTAMP}, 
      #{updateTime,jdbcType=TIMESTAMP})
  </insert>
  <insert id="insertSelective" parameterType="com.jzt.api.domain.P2pDynamic" >
    <!--
      WARNING - @mbggenerated
      This element is automatically generated by MyBatis Generator, do not modify.
      This element was generated on Sun Mar 12 23:14:32 CST 2017.
    -->
    insert into p2p_dynamic
    <trim prefix="(" suffix=")" suffixOverrides="," >
      <if test="id != null" >
        id,
      </if>
      <if test="platId != null" >
        plat_id,
      </if>
      <if test="totalTurnover != null" >
        total_turnover,
      </if>
      <if test="totalTurnoverDay != null" >
        total_turnover_day,
      </if>
      <if test="totalTurnoverWeek != null" >
        total_turnover_week,
      </if>
      <if test="totalTurnoverMonth != null" >
        total_turnover_month,
      </if>
      <if test="totalUnrepayAmount != null" >
        total_unrepay_amount,
      </if>
      <if test="avgInterestRate != null" >
        avg_interest_rate,
      </if>
      <if test="avgInterestRateDay != null" >
        avg_interest_rate_day,
      </if>
      <if test="avgInterestRateWeek != null" >
        avg_interest_rate_week,
      </if>
      <if test="avgInterestRateMonth != null" >
        avg_interest_rate_month,
      </if>
      <if test="totalInvestment != null" >
        total_investment,
      </if>
      <if test="totalInvestmentDay != null" >
        total_investment_day,
      </if>
      <if test="totalInvestmentWeek != null" >
        total_investment_week,
      </if>
      <if test="totalInvestmentMonth != null" >
        total_investment_month,
      </if>
      <if test="totalBorrower != null" >
        total_borrower,
      </if>
      <if test="totalBorrowerDay != null" >
        total_borrower_day,
      </if>
      <if test="totalBorrowerWeek != null" >
        total_borrower_week,
      </if>
      <if test="totalBorrowerMonth != null" >
        total_borrower_month,
      </if>
      <if test="avgRepayPeriod != null" >
        avg_repay_period,
      </if>
      <if test="avgRepayPeriodDay != null" >
        avg_repay_period_day,
      </if>
      <if test="avgRepayPeriodWeek != null" >
        avg_repay_period_week,
      </if>
      <if test="avgRepayPeriodMonth != null" >
        avg_repay_period_month,
      </if>
      <if test="ivestmentAmountPerPerson != null" >
        ivestment_amount_per_person,
      </if>
      <if test="ivestmentAmountPerPersonDay != null" >
        ivestment_amount_per_person_day,
      </if>
      <if test="ivestmentAmountPerPersonWeek != null" >
        ivestment_amount_per_person_week,
      </if>
      <if test="ivestmentAmountPerPersonMonth != null" >
        ivestment_amount_per_person_month,
      </if>
      <if test="borrowAmountPerPerson != null" >
        borrow_amount_per_person,
      </if>
      <if test="borrowAmountPerPersonDay != null" >
        borrow_amount_per_person_day,
      </if>
      <if test="borrowAmountPerPersonWeek != null" >
        borrow_amount_per_person_week,
      </if>
      <if test="borrowAmountPerPersonMonth != null" >
        borrow_amount_per_person_month,
      </if>
      <if test="toptenRate != null" >
        topten_rate,
      </if>
      <if test="toptenBorrow != null" >
        topten_borrow,
      </if>
      <if test="timeWeightAmount != null" >
        time_weight_amount,
      </if>
      <if test="timeWeightAmountDay != null" >
        time_weight_amount_day,
      </if>
      <if test="timeWeightAmountWeek != null" >
        time_weight_amount_week,
      </if>
      <if test="timeWeightAmountMonth != null" >
        time_weight_amount_month,
      </if>
      <if test="borrowAmount != null" >
        borrow_amount,
      </if>
      <if test="borrowAmountDay != null" >
        borrow_amount_day,
      </if>
      <if test="borrowAmountWeek != null" >
        borrow_amount_week,
      </if>
      <if test="borrowAmountMonth != null" >
        borrow_amount_month,
      </if>
      <if test="timeForFullBid != null" >
        time_for_full_bid,
      </if>
      <if test="timeForFullBidDay != null" >
        time_for_full_bid_day,
      </if>
      <if test="timeForFullBidWeek != null" >
        time_for_full_bid_week,
      </if>
      <if test="timeForFullBidMonth != null" >
        time_for_full_bid_month,
      </if>
      <if test="monthNetIncome != null" >
        month_net_income,
      </if>
      <if test="accountedRevenueIn60Days != null" >
        accounted_revenue_in_60_days,
      </if>
      <if test="capitalLever != null" >
        capital_lever,
      </if>
      <if test="serviceTime != null" >
        service_time,
      </if>
      <if test="updateDate != null" >
        update_date,
      </if>
      <if test="createTime != null" >
        create_time,
      </if>
      <if test="updateTime != null" >
        update_time,
      </if>
    </trim>
    <trim prefix="values (" suffix=")" suffixOverrides="," >
      <if test="id != null" >
        #{id,jdbcType=INTEGER},
      </if>
      <if test="platId != null" >
        #{platId,jdbcType=INTEGER},
      </if>
      <if test="totalTurnover != null" >
        #{totalTurnover,jdbcType=REAL},
      </if>
      <if test="totalTurnoverDay != null" >
        #{totalTurnoverDay,jdbcType=REAL},
      </if>
      <if test="totalTurnoverWeek != null" >
        #{totalTurnoverWeek,jdbcType=REAL},
      </if>
      <if test="totalTurnoverMonth != null" >
        #{totalTurnoverMonth,jdbcType=REAL},
      </if>
      <if test="totalUnrepayAmount != null" >
        #{totalUnrepayAmount,jdbcType=REAL},
      </if>
      <if test="avgInterestRate != null" >
        #{avgInterestRate,jdbcType=REAL},
      </if>
      <if test="avgInterestRateDay != null" >
        #{avgInterestRateDay,jdbcType=REAL},
      </if>
      <if test="avgInterestRateWeek != null" >
        #{avgInterestRateWeek,jdbcType=REAL},
      </if>
      <if test="avgInterestRateMonth != null" >
        #{avgInterestRateMonth,jdbcType=REAL},
      </if>
      <if test="totalInvestment != null" >
        #{totalInvestment,jdbcType=INTEGER},
      </if>
      <if test="totalInvestmentDay != null" >
        #{totalInvestmentDay,jdbcType=INTEGER},
      </if>
      <if test="totalInvestmentWeek != null" >
        #{totalInvestmentWeek,jdbcType=INTEGER},
      </if>
      <if test="totalInvestmentMonth != null" >
        #{totalInvestmentMonth,jdbcType=INTEGER},
      </if>
      <if test="totalBorrower != null" >
        #{totalBorrower,jdbcType=INTEGER},
      </if>
      <if test="totalBorrowerDay != null" >
        #{totalBorrowerDay,jdbcType=INTEGER},
      </if>
      <if test="totalBorrowerWeek != null" >
        #{totalBorrowerWeek,jdbcType=INTEGER},
      </if>
      <if test="totalBorrowerMonth != null" >
        #{totalBorrowerMonth,jdbcType=INTEGER},
      </if>
      <if test="avgRepayPeriod != null" >
        #{avgRepayPeriod,jdbcType=REAL},
      </if>
      <if test="avgRepayPeriodDay != null" >
        #{avgRepayPeriodDay,jdbcType=REAL},
      </if>
      <if test="avgRepayPeriodWeek != null" >
        #{avgRepayPeriodWeek,jdbcType=REAL},
      </if>
      <if test="avgRepayPeriodMonth != null" >
        #{avgRepayPeriodMonth,jdbcType=REAL},
      </if>
      <if test="ivestmentAmountPerPerson != null" >
        #{ivestmentAmountPerPerson,jdbcType=REAL},
      </if>
      <if test="ivestmentAmountPerPersonDay != null" >
        #{ivestmentAmountPerPersonDay,jdbcType=REAL},
      </if>
      <if test="ivestmentAmountPerPersonWeek != null" >
        #{ivestmentAmountPerPersonWeek,jdbcType=REAL},
      </if>
      <if test="ivestmentAmountPerPersonMonth != null" >
        #{ivestmentAmountPerPersonMonth,jdbcType=REAL},
      </if>
      <if test="borrowAmountPerPerson != null" >
        #{borrowAmountPerPerson,jdbcType=REAL},
      </if>
      <if test="borrowAmountPerPersonDay != null" >
        #{borrowAmountPerPersonDay,jdbcType=REAL},
      </if>
      <if test="borrowAmountPerPersonWeek != null" >
        #{borrowAmountPerPersonWeek,jdbcType=REAL},
      </if>
      <if test="borrowAmountPerPersonMonth != null" >
        #{borrowAmountPerPersonMonth,jdbcType=REAL},
      </if>
      <if test="toptenRate != null" >
        #{toptenRate,jdbcType=REAL},
      </if>
      <if test="toptenBorrow != null" >
        #{toptenBorrow,jdbcType=REAL},
      </if>
      <if test="timeWeightAmount != null" >
        #{timeWeightAmount,jdbcType=REAL},
      </if>
      <if test="timeWeightAmountDay != null" >
        #{timeWeightAmountDay,jdbcType=REAL},
      </if>
      <if test="timeWeightAmountWeek != null" >
        #{timeWeightAmountWeek,jdbcType=REAL},
      </if>
      <if test="timeWeightAmountMonth != null" >
        #{timeWeightAmountMonth,jdbcType=REAL},
      </if>
      <if test="borrowAmount != null" >
        #{borrowAmount,jdbcType=INTEGER},
      </if>
      <if test="borrowAmountDay != null" >
        #{borrowAmountDay,jdbcType=INTEGER},
      </if>
      <if test="borrowAmountWeek != null" >
        #{borrowAmountWeek,jdbcType=INTEGER},
      </if>
      <if test="borrowAmountMonth != null" >
        #{borrowAmountMonth,jdbcType=INTEGER},
      </if>
      <if test="timeForFullBid != null" >
        #{timeForFullBid,jdbcType=REAL},
      </if>
      <if test="timeForFullBidDay != null" >
        #{timeForFullBidDay,jdbcType=REAL},
      </if>
      <if test="timeForFullBidWeek != null" >
        #{timeForFullBidWeek,jdbcType=REAL},
      </if>
      <if test="timeForFullBidMonth != null" >
        #{timeForFullBidMonth,jdbcType=REAL},
      </if>
      <if test="monthNetIncome != null" >
        #{monthNetIncome,jdbcType=REAL},
      </if>
      <if test="accountedRevenueIn60Days != null" >
        #{accountedRevenueIn60Days,jdbcType=REAL},
      </if>
      <if test="capitalLever != null" >
        #{capitalLever,jdbcType=REAL},
      </if>
      <if test="serviceTime != null" >
        #{serviceTime,jdbcType=INTEGER},
      </if>
      <if test="updateDate != null" >
        #{updateDate,jdbcType=DATE},
      </if>
      <if test="createTime != null" >
        #{createTime,jdbcType=TIMESTAMP},
      </if>
      <if test="updateTime != null" >
        #{updateTime,jdbcType=TIMESTAMP},
      </if>
    </trim>
  </insert>
  <select id="countByExample" parameterType="com.jzt.api.domain.P2pDynamicExample" resultType="java.lang.Integer" >
    <!--
      WARNING - @mbggenerated
      This element is automatically generated by MyBatis Generator, do not modify.
      This element was generated on Sun Mar 12 23:14:32 CST 2017.
    -->
    select count(*) from p2p_dynamic
    <if test="_parameter != null" >
      <include refid="Example_Where_Clause" />
    </if>
  </select>
  <update id="updateByExampleSelective" parameterType="map" >
    <!--
      WARNING - @mbggenerated
      This element is automatically generated by MyBatis Generator, do not modify.
      This element was generated on Sun Mar 12 23:14:32 CST 2017.
    -->
    update p2p_dynamic
    <set >
      <if test="record.id != null" >
        id = #{record.id,jdbcType=INTEGER},
      </if>
      <if test="record.platId != null" >
        plat_id = #{record.platId,jdbcType=INTEGER},
      </if>
      <if test="record.totalTurnover != null" >
        total_turnover = #{record.totalTurnover,jdbcType=REAL},
      </if>
      <if test="record.totalTurnoverDay != null" >
        total_turnover_day = #{record.totalTurnoverDay,jdbcType=REAL},
      </if>
      <if test="record.totalTurnoverWeek != null" >
        total_turnover_week = #{record.totalTurnoverWeek,jdbcType=REAL},
      </if>
      <if test="record.totalTurnoverMonth != null" >
        total_turnover_month = #{record.totalTurnoverMonth,jdbcType=REAL},
      </if>
      <if test="record.totalUnrepayAmount != null" >
        total_unrepay_amount = #{record.totalUnrepayAmount,jdbcType=REAL},
      </if>
      <if test="record.avgInterestRate != null" >
        avg_interest_rate = #{record.avgInterestRate,jdbcType=REAL},
      </if>
      <if test="record.avgInterestRateDay != null" >
        avg_interest_rate_day = #{record.avgInterestRateDay,jdbcType=REAL},
      </if>
      <if test="record.avgInterestRateWeek != null" >
        avg_interest_rate_week = #{record.avgInterestRateWeek,jdbcType=REAL},
      </if>
      <if test="record.avgInterestRateMonth != null" >
        avg_interest_rate_month = #{record.avgInterestRateMonth,jdbcType=REAL},
      </if>
      <if test="record.totalInvestment != null" >
        total_investment = #{record.totalInvestment,jdbcType=INTEGER},
      </if>
      <if test="record.totalInvestmentDay != null" >
        total_investment_day = #{record.totalInvestmentDay,jdbcType=INTEGER},
      </if>
      <if test="record.totalInvestmentWeek != null" >
        total_investment_week = #{record.totalInvestmentWeek,jdbcType=INTEGER},
      </if>
      <if test="record.totalInvestmentMonth != null" >
        total_investment_month = #{record.totalInvestmentMonth,jdbcType=INTEGER},
      </if>
      <if test="record.totalBorrower != null" >
        total_borrower = #{record.totalBorrower,jdbcType=INTEGER},
      </if>
      <if test="record.totalBorrowerDay != null" >
        total_borrower_day = #{record.totalBorrowerDay,jdbcType=INTEGER},
      </if>
      <if test="record.totalBorrowerWeek != null" >
        total_borrower_week = #{record.totalBorrowerWeek,jdbcType=INTEGER},
      </if>
      <if test="record.totalBorrowerMonth != null" >
        total_borrower_month = #{record.totalBorrowerMonth,jdbcType=INTEGER},
      </if>
      <if test="record.avgRepayPeriod != null" >
        avg_repay_period = #{record.avgRepayPeriod,jdbcType=REAL},
      </if>
      <if test="record.avgRepayPeriodDay != null" >
        avg_repay_period_day = #{record.avgRepayPeriodDay,jdbcType=REAL},
      </if>
      <if test="record.avgRepayPeriodWeek != null" >
        avg_repay_period_week = #{record.avgRepayPeriodWeek,jdbcType=REAL},
      </if>
      <if test="record.avgRepayPeriodMonth != null" >
        avg_repay_period_month = #{record.avgRepayPeriodMonth,jdbcType=REAL},
      </if>
      <if test="record.ivestmentAmountPerPerson != null" >
        ivestment_amount_per_person = #{record.ivestmentAmountPerPerson,jdbcType=REAL},
      </if>
      <if test="record.ivestmentAmountPerPersonDay != null" >
        ivestment_amount_per_person_day = #{record.ivestmentAmountPerPersonDay,jdbcType=REAL},
      </if>
      <if test="record.ivestmentAmountPerPersonWeek != null" >
        ivestment_amount_per_person_week = #{record.ivestmentAmountPerPersonWeek,jdbcType=REAL},
      </if>
      <if test="record.ivestmentAmountPerPersonMonth != null" >
        ivestment_amount_per_person_month = #{record.ivestmentAmountPerPersonMonth,jdbcType=REAL},
      </if>
      <if test="record.borrowAmountPerPerson != null" >
        borrow_amount_per_person = #{record.borrowAmountPerPerson,jdbcType=REAL},
      </if>
      <if test="record.borrowAmountPerPersonDay != null" >
        borrow_amount_per_person_day = #{record.borrowAmountPerPersonDay,jdbcType=REAL},
      </if>
      <if test="record.borrowAmountPerPersonWeek != null" >
        borrow_amount_per_person_week = #{record.borrowAmountPerPersonWeek,jdbcType=REAL},
      </if>
      <if test="record.borrowAmountPerPersonMonth != null" >
        borrow_amount_per_person_month = #{record.borrowAmountPerPersonMonth,jdbcType=REAL},
      </if>
      <if test="record.toptenRate != null" >
        topten_rate = #{record.toptenRate,jdbcType=REAL},
      </if>
      <if test="record.toptenBorrow != null" >
        topten_borrow = #{record.toptenBorrow,jdbcType=REAL},
      </if>
      <if test="record.timeWeightAmount != null" >
        time_weight_amount = #{record.timeWeightAmount,jdbcType=REAL},
      </if>
      <if test="record.timeWeightAmountDay != null" >
        time_weight_amount_day = #{record.timeWeightAmountDay,jdbcType=REAL},
      </if>
      <if test="record.timeWeightAmountWeek != null" >
        time_weight_amount_week = #{record.timeWeightAmountWeek,jdbcType=REAL},
      </if>
      <if test="record.timeWeightAmountMonth != null" >
        time_weight_amount_month = #{record.timeWeightAmountMonth,jdbcType=REAL},
      </if>
      <if test="record.borrowAmount != null" >
        borrow_amount = #{record.borrowAmount,jdbcType=INTEGER},
      </if>
      <if test="record.borrowAmountDay != null" >
        borrow_amount_day = #{record.borrowAmountDay,jdbcType=INTEGER},
      </if>
      <if test="record.borrowAmountWeek != null" >
        borrow_amount_week = #{record.borrowAmountWeek,jdbcType=INTEGER},
      </if>
      <if test="record.borrowAmountMonth != null" >
        borrow_amount_month = #{record.borrowAmountMonth,jdbcType=INTEGER},
      </if>
      <if test="record.timeForFullBid != null" >
        time_for_full_bid = #{record.timeForFullBid,jdbcType=REAL},
      </if>
      <if test="record.timeForFullBidDay != null" >
        time_for_full_bid_day = #{record.timeForFullBidDay,jdbcType=REAL},
      </if>
      <if test="record.timeForFullBidWeek != null" >
        time_for_full_bid_week = #{record.timeForFullBidWeek,jdbcType=REAL},
      </if>
      <if test="record.timeForFullBidMonth != null" >
        time_for_full_bid_month = #{record.timeForFullBidMonth,jdbcType=REAL},
      </if>
      <if test="record.monthNetIncome != null" >
        month_net_income = #{record.monthNetIncome,jdbcType=REAL},
      </if>
      <if test="record.accountedRevenueIn60Days != null" >
        accounted_revenue_in_60_days = #{record.accountedRevenueIn60Days,jdbcType=REAL},
      </if>
      <if test="record.capitalLever != null" >
        capital_lever = #{record.capitalLever,jdbcType=REAL},
      </if>
      <if test="record.serviceTime != null" >
        service_time = #{record.serviceTime,jdbcType=INTEGER},
      </if>
      <if test="record.updateDate != null" >
        update_date = #{record.updateDate,jdbcType=DATE},
      </if>
      <if test="record.createTime != null" >
        create_time = #{record.createTime,jdbcType=TIMESTAMP},
      </if>
      <if test="record.updateTime != null" >
        update_time = #{record.updateTime,jdbcType=TIMESTAMP},
      </if>
    </set>
    <if test="_parameter != null" >
      <include refid="Update_By_Example_Where_Clause" />
    </if>
  </update>
  <update id="updateByExample" parameterType="map" >
    <!--
      WARNING - @mbggenerated
      This element is automatically generated by MyBatis Generator, do not modify.
      This element was generated on Sun Mar 12 23:14:32 CST 2017.
    -->
    update p2p_dynamic
    set id = #{record.id,jdbcType=INTEGER},
      plat_id = #{record.platId,jdbcType=INTEGER},
      total_turnover = #{record.totalTurnover,jdbcType=REAL},
      total_turnover_day = #{record.totalTurnoverDay,jdbcType=REAL},
      total_turnover_week = #{record.totalTurnoverWeek,jdbcType=REAL},
      total_turnover_month = #{record.totalTurnoverMonth,jdbcType=REAL},
      total_unrepay_amount = #{record.totalUnrepayAmount,jdbcType=REAL},
      avg_interest_rate = #{record.avgInterestRate,jdbcType=REAL},
      avg_interest_rate_day = #{record.avgInterestRateDay,jdbcType=REAL},
      avg_interest_rate_week = #{record.avgInterestRateWeek,jdbcType=REAL},
      avg_interest_rate_month = #{record.avgInterestRateMonth,jdbcType=REAL},
      total_investment = #{record.totalInvestment,jdbcType=INTEGER},
      total_investment_day = #{record.totalInvestmentDay,jdbcType=INTEGER},
      total_investment_week = #{record.totalInvestmentWeek,jdbcType=INTEGER},
      total_investment_month = #{record.totalInvestmentMonth,jdbcType=INTEGER},
      total_borrower = #{record.totalBorrower,jdbcType=INTEGER},
      total_borrower_day = #{record.totalBorrowerDay,jdbcType=INTEGER},
      total_borrower_week = #{record.totalBorrowerWeek,jdbcType=INTEGER},
      total_borrower_month = #{record.totalBorrowerMonth,jdbcType=INTEGER},
      avg_repay_period = #{record.avgRepayPeriod,jdbcType=REAL},
      avg_repay_period_day = #{record.avgRepayPeriodDay,jdbcType=REAL},
      avg_repay_period_week = #{record.avgRepayPeriodWeek,jdbcType=REAL},
      avg_repay_period_month = #{record.avgRepayPeriodMonth,jdbcType=REAL},
      ivestment_amount_per_person = #{record.ivestmentAmountPerPerson,jdbcType=REAL},
      ivestment_amount_per_person_day = #{record.ivestmentAmountPerPersonDay,jdbcType=REAL},
      ivestment_amount_per_person_week = #{record.ivestmentAmountPerPersonWeek,jdbcType=REAL},
      ivestment_amount_per_person_month = #{record.ivestmentAmountPerPersonMonth,jdbcType=REAL},
      borrow_amount_per_person = #{record.borrowAmountPerPerson,jdbcType=REAL},
      borrow_amount_per_person_day = #{record.borrowAmountPerPersonDay,jdbcType=REAL},
      borrow_amount_per_person_week = #{record.borrowAmountPerPersonWeek,jdbcType=REAL},
      borrow_amount_per_person_month = #{record.borrowAmountPerPersonMonth,jdbcType=REAL},
      topten_rate = #{record.toptenRate,jdbcType=REAL},
      topten_borrow = #{record.toptenBorrow,jdbcType=REAL},
      time_weight_amount = #{record.timeWeightAmount,jdbcType=REAL},
      time_weight_amount_day = #{record.timeWeightAmountDay,jdbcType=REAL},
      time_weight_amount_week = #{record.timeWeightAmountWeek,jdbcType=REAL},
      time_weight_amount_month = #{record.timeWeightAmountMonth,jdbcType=REAL},
      borrow_amount = #{record.borrowAmount,jdbcType=INTEGER},
      borrow_amount_day = #{record.borrowAmountDay,jdbcType=INTEGER},
      borrow_amount_week = #{record.borrowAmountWeek,jdbcType=INTEGER},
      borrow_amount_month = #{record.borrowAmountMonth,jdbcType=INTEGER},
      time_for_full_bid = #{record.timeForFullBid,jdbcType=REAL},
      time_for_full_bid_day = #{record.timeForFullBidDay,jdbcType=REAL},
      time_for_full_bid_week = #{record.timeForFullBidWeek,jdbcType=REAL},
      time_for_full_bid_month = #{record.timeForFullBidMonth,jdbcType=REAL},
      month_net_income = #{record.monthNetIncome,jdbcType=REAL},
      accounted_revenue_in_60_days = #{record.accountedRevenueIn60Days,jdbcType=REAL},
      capital_lever = #{record.capitalLever,jdbcType=REAL},
      service_time = #{record.serviceTime,jdbcType=INTEGER},
      update_date = #{record.updateDate,jdbcType=DATE},
      create_time = #{record.createTime,jdbcType=TIMESTAMP},
      update_time = #{record.updateTime,jdbcType=TIMESTAMP}
    <if test="_parameter != null" >
      <include refid="Update_By_Example_Where_Clause" />
    </if>
  </update>
  <update id="updateByPrimaryKeySelective" parameterType="com.jzt.api.domain.P2pDynamic" >
    <!--
      WARNING - @mbggenerated
      This element is automatically generated by MyBatis Generator, do not modify.
      This element was generated on Sun Mar 12 23:14:32 CST 2017.
    -->
    update p2p_dynamic
    <set >
      <if test="platId != null" >
        plat_id = #{platId,jdbcType=INTEGER},
      </if>
      <if test="totalTurnover != null" >
        total_turnover = #{totalTurnover,jdbcType=REAL},
      </if>
      <if test="totalTurnoverDay != null" >
        total_turnover_day = #{totalTurnoverDay,jdbcType=REAL},
      </if>
      <if test="totalTurnoverWeek != null" >
        total_turnover_week = #{totalTurnoverWeek,jdbcType=REAL},
      </if>
      <if test="totalTurnoverMonth != null" >
        total_turnover_month = #{totalTurnoverMonth,jdbcType=REAL},
      </if>
      <if test="totalUnrepayAmount != null" >
        total_unrepay_amount = #{totalUnrepayAmount,jdbcType=REAL},
      </if>
      <if test="avgInterestRate != null" >
        avg_interest_rate = #{avgInterestRate,jdbcType=REAL},
      </if>
      <if test="avgInterestRateDay != null" >
        avg_interest_rate_day = #{avgInterestRateDay,jdbcType=REAL},
      </if>
      <if test="avgInterestRateWeek != null" >
        avg_interest_rate_week = #{avgInterestRateWeek,jdbcType=REAL},
      </if>
      <if test="avgInterestRateMonth != null" >
        avg_interest_rate_month = #{avgInterestRateMonth,jdbcType=REAL},
      </if>
      <if test="totalInvestment != null" >
        total_investment = #{totalInvestment,jdbcType=INTEGER},
      </if>
      <if test="totalInvestmentDay != null" >
        total_investment_day = #{totalInvestmentDay,jdbcType=INTEGER},
      </if>
      <if test="totalInvestmentWeek != null" >
        total_investment_week = #{totalInvestmentWeek,jdbcType=INTEGER},
      </if>
      <if test="totalInvestmentMonth != null" >
        total_investment_month = #{totalInvestmentMonth,jdbcType=INTEGER},
      </if>
      <if test="totalBorrower != null" >
        total_borrower = #{totalBorrower,jdbcType=INTEGER},
      </if>
      <if test="totalBorrowerDay != null" >
        total_borrower_day = #{totalBorrowerDay,jdbcType=INTEGER},
      </if>
      <if test="totalBorrowerWeek != null" >
        total_borrower_week = #{totalBorrowerWeek,jdbcType=INTEGER},
      </if>
      <if test="totalBorrowerMonth != null" >
        total_borrower_month = #{totalBorrowerMonth,jdbcType=INTEGER},
      </if>
      <if test="avgRepayPeriod != null" >
        avg_repay_period = #{avgRepayPeriod,jdbcType=REAL},
      </if>
      <if test="avgRepayPeriodDay != null" >
        avg_repay_period_day = #{avgRepayPeriodDay,jdbcType=REAL},
      </if>
      <if test="avgRepayPeriodWeek != null" >
        avg_repay_period_week = #{avgRepayPeriodWeek,jdbcType=REAL},
      </if>
      <if test="avgRepayPeriodMonth != null" >
        avg_repay_period_month = #{avgRepayPeriodMonth,jdbcType=REAL},
      </if>
      <if test="ivestmentAmountPerPerson != null" >
        ivestment_amount_per_person = #{ivestmentAmountPerPerson,jdbcType=REAL},
      </if>
      <if test="ivestmentAmountPerPersonDay != null" >
        ivestment_amount_per_person_day = #{ivestmentAmountPerPersonDay,jdbcType=REAL},
      </if>
      <if test="ivestmentAmountPerPersonWeek != null" >
        ivestment_amount_per_person_week = #{ivestmentAmountPerPersonWeek,jdbcType=REAL},
      </if>
      <if test="ivestmentAmountPerPersonMonth != null" >
        ivestment_amount_per_person_month = #{ivestmentAmountPerPersonMonth,jdbcType=REAL},
      </if>
      <if test="borrowAmountPerPerson != null" >
        borrow_amount_per_person = #{borrowAmountPerPerson,jdbcType=REAL},
      </if>
      <if test="borrowAmountPerPersonDay != null" >
        borrow_amount_per_person_day = #{borrowAmountPerPersonDay,jdbcType=REAL},
      </if>
      <if test="borrowAmountPerPersonWeek != null" >
        borrow_amount_per_person_week = #{borrowAmountPerPersonWeek,jdbcType=REAL},
      </if>
      <if test="borrowAmountPerPersonMonth != null" >
        borrow_amount_per_person_month = #{borrowAmountPerPersonMonth,jdbcType=REAL},
      </if>
      <if test="toptenRate != null" >
        topten_rate = #{toptenRate,jdbcType=REAL},
      </if>
      <if test="toptenBorrow != null" >
        topten_borrow = #{toptenBorrow,jdbcType=REAL},
      </if>
      <if test="timeWeightAmount != null" >
        time_weight_amount = #{timeWeightAmount,jdbcType=REAL},
      </if>
      <if test="timeWeightAmountDay != null" >
        time_weight_amount_day = #{timeWeightAmountDay,jdbcType=REAL},
      </if>
      <if test="timeWeightAmountWeek != null" >
        time_weight_amount_week = #{timeWeightAmountWeek,jdbcType=REAL},
      </if>
      <if test="timeWeightAmountMonth != null" >
        time_weight_amount_month = #{timeWeightAmountMonth,jdbcType=REAL},
      </if>
      <if test="borrowAmount != null" >
        borrow_amount = #{borrowAmount,jdbcType=INTEGER},
      </if>
      <if test="borrowAmountDay != null" >
        borrow_amount_day = #{borrowAmountDay,jdbcType=INTEGER},
      </if>
      <if test="borrowAmountWeek != null" >
        borrow_amount_week = #{borrowAmountWeek,jdbcType=INTEGER},
      </if>
      <if test="borrowAmountMonth != null" >
        borrow_amount_month = #{borrowAmountMonth,jdbcType=INTEGER},
      </if>
      <if test="timeForFullBid != null" >
        time_for_full_bid = #{timeForFullBid,jdbcType=REAL},
      </if>
      <if test="timeForFullBidDay != null" >
        time_for_full_bid_day = #{timeForFullBidDay,jdbcType=REAL},
      </if>
      <if test="timeForFullBidWeek != null" >
        time_for_full_bid_week = #{timeForFullBidWeek,jdbcType=REAL},
      </if>
      <if test="timeForFullBidMonth != null" >
        time_for_full_bid_month = #{timeForFullBidMonth,jdbcType=REAL},
      </if>
      <if test="monthNetIncome != null" >
        month_net_income = #{monthNetIncome,jdbcType=REAL},
      </if>
      <if test="accountedRevenueIn60Days != null" >
        accounted_revenue_in_60_days = #{accountedRevenueIn60Days,jdbcType=REAL},
      </if>
      <if test="capitalLever != null" >
        capital_lever = #{capitalLever,jdbcType=REAL},
      </if>
      <if test="serviceTime != null" >
        service_time = #{serviceTime,jdbcType=INTEGER},
      </if>
      <if test="updateDate != null" >
        update_date = #{updateDate,jdbcType=DATE},
      </if>
      <if test="createTime != null" >
        create_time = #{createTime,jdbcType=TIMESTAMP},
      </if>
      <if test="updateTime != null" >
        update_time = #{updateTime,jdbcType=TIMESTAMP},
      </if>
    </set>
    where id = #{id,jdbcType=INTEGER}
  </update>
  <update id="updateByPrimaryKey" parameterType="com.jzt.api.domain.P2pDynamic" >
    <!--
      WARNING - @mbggenerated
      This element is automatically generated by MyBatis Generator, do not modify.
      This element was generated on Sun Mar 12 23:14:32 CST 2017.
    -->
    update p2p_dynamic
    set plat_id = #{platId,jdbcType=INTEGER},
      total_turnover = #{totalTurnover,jdbcType=REAL},
      total_turnover_day = #{totalTurnoverDay,jdbcType=REAL},
      total_turnover_week = #{totalTurnoverWeek,jdbcType=REAL},
      total_turnover_month = #{totalTurnoverMonth,jdbcType=REAL},
      total_unrepay_amount = #{totalUnrepayAmount,jdbcType=REAL},
      avg_interest_rate = #{avgInterestRate,jdbcType=REAL},
      avg_interest_rate_day = #{avgInterestRateDay,jdbcType=REAL},
      avg_interest_rate_week = #{avgInterestRateWeek,jdbcType=REAL},
      avg_interest_rate_month = #{avgInterestRateMonth,jdbcType=REAL},
      total_investment = #{totalInvestment,jdbcType=INTEGER},
      total_investment_day = #{totalInvestmentDay,jdbcType=INTEGER},
      total_investment_week = #{totalInvestmentWeek,jdbcType=INTEGER},
      total_investment_month = #{totalInvestmentMonth,jdbcType=INTEGER},
      total_borrower = #{totalBorrower,jdbcType=INTEGER},
      total_borrower_day = #{totalBorrowerDay,jdbcType=INTEGER},
      total_borrower_week = #{totalBorrowerWeek,jdbcType=INTEGER},
      total_borrower_month = #{totalBorrowerMonth,jdbcType=INTEGER},
      avg_repay_period = #{avgRepayPeriod,jdbcType=REAL},
      avg_repay_period_day = #{avgRepayPeriodDay,jdbcType=REAL},
      avg_repay_period_week = #{avgRepayPeriodWeek,jdbcType=REAL},
      avg_repay_period_month = #{avgRepayPeriodMonth,jdbcType=REAL},
      ivestment_amount_per_person = #{ivestmentAmountPerPerson,jdbcType=REAL},
      ivestment_amount_per_person_day = #{ivestmentAmountPerPersonDay,jdbcType=REAL},
      ivestment_amount_per_person_week = #{ivestmentAmountPerPersonWeek,jdbcType=REAL},
      ivestment_amount_per_person_month = #{ivestmentAmountPerPersonMonth,jdbcType=REAL},
      borrow_amount_per_person = #{borrowAmountPerPerson,jdbcType=REAL},
      borrow_amount_per_person_day = #{borrowAmountPerPersonDay,jdbcType=REAL},
      borrow_amount_per_person_week = #{borrowAmountPerPersonWeek,jdbcType=REAL},
      borrow_amount_per_person_month = #{borrowAmountPerPersonMonth,jdbcType=REAL},
      topten_rate = #{toptenRate,jdbcType=REAL},
      topten_borrow = #{toptenBorrow,jdbcType=REAL},
      time_weight_amount = #{timeWeightAmount,jdbcType=REAL},
      time_weight_amount_day = #{timeWeightAmountDay,jdbcType=REAL},
      time_weight_amount_week = #{timeWeightAmountWeek,jdbcType=REAL},
      time_weight_amount_month = #{timeWeightAmountMonth,jdbcType=REAL},
      borrow_amount = #{borrowAmount,jdbcType=INTEGER},
      borrow_amount_day = #{borrowAmountDay,jdbcType=INTEGER},
      borrow_amount_week = #{borrowAmountWeek,jdbcType=INTEGER},
      borrow_amount_month = #{borrowAmountMonth,jdbcType=INTEGER},
      time_for_full_bid = #{timeForFullBid,jdbcType=REAL},
      time_for_full_bid_day = #{timeForFullBidDay,jdbcType=REAL},
      time_for_full_bid_week = #{timeForFullBidWeek,jdbcType=REAL},
      time_for_full_bid_month = #{timeForFullBidMonth,jdbcType=REAL},
      month_net_income = #{monthNetIncome,jdbcType=REAL},
      accounted_revenue_in_60_days = #{accountedRevenueIn60Days,jdbcType=REAL},
      capital_lever = #{capitalLever,jdbcType=REAL},
      service_time = #{serviceTime,jdbcType=INTEGER},
      update_date = #{updateDate,jdbcType=DATE},
      create_time = #{createTime,jdbcType=TIMESTAMP},
      update_time = #{updateTime,jdbcType=TIMESTAMP}
    where id = #{id,jdbcType=INTEGER}
  </update>
</mapper>