<?xml version="1.0" encoding="UTF-8" ?>
<!DOCTYPE mapper PUBLIC "-//mybatis.org//DTD Mapper 3.0//EN" "http://mybatis.org/dtd/mybatis-3-mapper.dtd" >
<mapper namespace="com.jzt.api.dao.P2pThirdEvalMapper" >
  <resultMap id="BaseResultMap" type="com.jzt.api.domain.P2pThirdEval" >
    <!--
      WARNING - @mbggenerated
      This element is automatically generated by MyBatis Generator, do not modify.
      This element was generated on Sun Mar 12 23:14:32 CST 2017.
    -->
    <id column="id" property="id" jdbcType="INTEGER" />
    <result column="plat_id" property="platId" jdbcType="INTEGER" />
    <result column="development_rate" property="developmentRate" jdbcType="REAL" />
    <result column="mobility" property="mobility" jdbcType="REAL" />
    <result column="turnover" property="turnover" jdbcType="REAL" />
    <result column="benefit" property="benefit" jdbcType="REAL" />
    <result column="dispersion" property="dispersion" jdbcType="REAL" />
    <result column="update_date" property="updateDate" jdbcType="DATE" />
    <result column="popularity" property="popularity" jdbcType="REAL" />
    <result column="transparency" property="transparency" jdbcType="REAL" />
    <result column="create_time" property="createTime" jdbcType="TIMESTAMP" />
    <result column="update_time" property="updateTime" jdbcType="TIMESTAMP" />
  </resultMap>
  <sql id="Example_Where_Clause" >
    <!--
      WARNING - @mbggenerated
      This element is automatically generated by MyBatis Generator, do not modify.
      This element was generated on Sun Mar 12 23:14:32 CST 2017.
    -->
    <where >
      <foreach collection="oredCriteria" item="criteria" separator="or" >
        <if test="criteria.valid" >
          <trim prefix="(" suffix=")" prefixOverrides="and" >
            <foreach collection="criteria.criteria" item="criterion" >
              <choose >
                <when test="criterion.noValue" >
                  and ${criterion.condition}
                </when>
                <when test="criterion.singleValue" >
                  and ${criterion.condition} #{criterion.value}
                </when>
                <when test="criterion.betweenValue" >
                  and ${criterion.condition} #{criterion.value} and #{criterion.secondValue}
                </when>
                <when test="criterion.listValue" >
                  and ${criterion.condition}
                  <foreach collection="criterion.value" item="listItem" open="(" close=")" separator="," >
                    #{listItem}
                  </foreach>
                </when>
              </choose>
            </foreach>
          </trim>
        </if>
      </foreach>
    </where>
  </sql>
  <sql id="Update_By_Example_Where_Clause" >
    <!--
      WARNING - @mbggenerated
      This element is automatically generated by MyBatis Generator, do not modify.
      This element was generated on Sun Mar 12 23:14:32 CST 2017.
    -->
    <where >
      <foreach collection="example.oredCriteria" item="criteria" separator="or" >
        <if test="criteria.valid" >
          <trim prefix="(" suffix=")" prefixOverrides="and" >
            <foreach collection="criteria.criteria" item="criterion" >
              <choose >
                <when test="criterion.noValue" >
                  and ${criterion.condition}
                </when>
                <when test="criterion.singleValue" >
                  and ${criterion.condition} #{criterion.value}
                </when>
                <when test="criterion.betweenValue" >
                  and ${criterion.condition} #{criterion.value} and #{criterion.secondValue}
                </when>
                <when test="criterion.listValue" >
                  and ${criterion.condition}
                  <foreach collection="criterion.value" item="listItem" open="(" close=")" separator="," >
                    #{listItem}
                  </foreach>
                </when>
              </choose>
            </foreach>
          </trim>
        </if>
      </foreach>
    </where>
  </sql>
  <sql id="Base_Column_List" >
    <!--
      WARNING - @mbggenerated
      This element is automatically generated by MyBatis Generator, do not modify.
      This element was generated on Sun Mar 12 23:14:32 CST 2017.
    -->
    id, plat_id, development_rate, mobility, turnover, benefit, dispersion, update_date, 
    popularity, transparency, create_time, update_time
  </sql>
  <select id="selectByExample" resultMap="BaseResultMap" parameterType="com.jzt.api.domain.P2pThirdEvalExample" >
    <!--
      WARNING - @mbggenerated
      This element is automatically generated by MyBatis Generator, do not modify.
      This element was generated on Sun Mar 12 23:14:32 CST 2017.
    -->
    select
    <if test="distinct" >
      distinct
    </if>
    <include refid="Base_Column_List" />
    from p2p_third_eval
    <if test="_parameter != null" >
      <include refid="Example_Where_Clause" />
    </if>
    <if test="orderByClause != null" >
      order by ${orderByClause}
    </if>
  </select>
  <select id="selectByPrimaryKey" resultMap="BaseResultMap" parameterType="java.lang.Integer" >
    <!--
      WARNING - @mbggenerated
      This element is automatically generated by MyBatis Generator, do not modify.
      This element was generated on Sun Mar 12 23:14:32 CST 2017.
    -->
    select 
    <include refid="Base_Column_List" />
    from p2p_third_eval
    where id = #{id,jdbcType=INTEGER}
  </select>
  <delete id="deleteByPrimaryKey" parameterType="java.lang.Integer" >
    <!--
      WARNING - @mbggenerated
      This element is automatically generated by MyBatis Generator, do not modify.
      This element was generated on Sun Mar 12 23:14:32 CST 2017.
    -->
    delete from p2p_third_eval
    where id = #{id,jdbcType=INTEGER}
  </delete>
  <delete id="deleteByExample" parameterType="com.jzt.api.domain.P2pThirdEvalExample" >
    <!--
      WARNING - @mbggenerated
      This element is automatically generated by MyBatis Generator, do not modify.
      This element was generated on Sun Mar 12 23:14:32 CST 2017.
    -->
    delete from p2p_third_eval
    <if test="_parameter != null" >
      <include refid="Example_Where_Clause" />
    </if>
  </delete>
  <insert id="insert" parameterType="com.jzt.api.domain.P2pThirdEval" >
    <!--
      WARNING - @mbggenerated
      This element is automatically generated by MyBatis Generator, do not modify.
      This element was generated on Sun Mar 12 23:14:32 CST 2017.
    -->
    insert into p2p_third_eval (id, plat_id, development_rate, 
      mobility, turnover, benefit, 
      dispersion, update_date, popularity, 
      transparency, create_time, update_time
      )
    values (#{id,jdbcType=INTEGER}, #{platId,jdbcType=INTEGER}, #{developmentRate,jdbcType=REAL}, 
      #{mobility,jdbcType=REAL}, #{turnover,jdbcType=REAL}, #{benefit,jdbcType=REAL}, 
      #{dispersion,jdbcType=REAL}, #{updateDate,jdbcType=DATE}, #{popularity,jdbcType=REAL}, 
      #{transparency,jdbcType=REAL}, #{createTime,jdbcType=TIMESTAMP}, #{updateTime,jdbcType=TIMESTAMP}
      )
  </insert>
  <insert id="insertSelective" parameterType="com.jzt.api.domain.P2pThirdEval" >
    <!--
      WARNING - @mbggenerated
      This element is automatically generated by MyBatis Generator, do not modify.
      This element was generated on Sun Mar 12 23:14:32 CST 2017.
    -->
    insert into p2p_third_eval
    <trim prefix="(" suffix=")" suffixOverrides="," >
      <if test="id != null" >
        id,
      </if>
      <if test="platId != null" >
        plat_id,
      </if>
      <if test="developmentRate != null" >
        development_rate,
      </if>
      <if test="mobility != null" >
        mobility,
      </if>
      <if test="turnover != null" >
        turnover,
      </if>
      <if test="benefit != null" >
        benefit,
      </if>
      <if test="dispersion != null" >
        dispersion,
      </if>
      <if test="updateDate != null" >
        update_date,
      </if>
      <if test="popularity != null" >
        popularity,
      </if>
      <if test="transparency != null" >
        transparency,
      </if>
      <if test="createTime != null" >
        create_time,
      </if>
      <if test="updateTime != null" >
        update_time,
      </if>
    </trim>
    <trim prefix="values (" suffix=")" suffixOverrides="," >
      <if test="id != null" >
        #{id,jdbcType=INTEGER},
      </if>
      <if test="platId != null" >
        #{platId,jdbcType=INTEGER},
      </if>
      <if test="developmentRate != null" >
        #{developmentRate,jdbcType=REAL},
      </if>
      <if test="mobility != null" >
        #{mobility,jdbcType=REAL},
      </if>
      <if test="turnover != null" >
        #{turnover,jdbcType=REAL},
      </if>
      <if test="benefit != null" >
        #{benefit,jdbcType=REAL},
      </if>
      <if test="dispersion != null" >
        #{dispersion,jdbcType=REAL},
      </if>
      <if test="updateDate != null" >
        #{updateDate,jdbcType=DATE},
      </if>
      <if test="popularity != null" >
        #{popularity,jdbcType=REAL},
      </if>
      <if test="transparency != null" >
        #{transparency,jdbcType=REAL},
      </if>
      <if test="createTime != null" >
        #{createTime,jdbcType=TIMESTAMP},
      </if>
      <if test="updateTime != null" >
        #{updateTime,jdbcType=TIMESTAMP},
      </if>
    </trim>
  </insert>
  <select id="countByExample" parameterType="com.jzt.api.domain.P2pThirdEvalExample" resultType="java.lang.Integer" >
    <!--
      WARNING - @mbggenerated
      This element is automatically generated by MyBatis Generator, do not modify.
      This element was generated on Sun Mar 12 23:14:32 CST 2017.
    -->
    select count(*) from p2p_third_eval
    <if test="_parameter != null" >
      <include refid="Example_Where_Clause" />
    </if>
  </select>
  <update id="updateByExampleSelective" parameterType="map" >
    <!--
      WARNING - @mbggenerated
      This element is automatically generated by MyBatis Generator, do not modify.
      This element was generated on Sun Mar 12 23:14:32 CST 2017.
    -->
    update p2p_third_eval
    <set >
      <if test="record.id != null" >
        id = #{record.id,jdbcType=INTEGER},
      </if>
      <if test="record.platId != null" >
        plat_id = #{record.platId,jdbcType=INTEGER},
      </if>
      <if test="record.developmentRate != null" >
        development_rate = #{record.developmentRate,jdbcType=REAL},
      </if>
      <if test="record.mobility != null" >
        mobility = #{record.mobility,jdbcType=REAL},
      </if>
      <if test="record.turnover != null" >
        turnover = #{record.turnover,jdbcType=REAL},
      </if>
      <if test="record.benefit != null" >
        benefit = #{record.benefit,jdbcType=REAL},
      </if>
      <if test="record.dispersion != null" >
        dispersion = #{record.dispersion,jdbcType=REAL},
      </if>
      <if test="record.updateDate != null" >
        update_date = #{record.updateDate,jdbcType=DATE},
      </if>
      <if test="record.popularity != null" >
        popularity = #{record.popularity,jdbcType=REAL},
      </if>
      <if test="record.transparency != null" >
        transparency = #{record.transparency,jdbcType=REAL},
      </if>
      <if test="record.createTime != null" >
        create_time = #{record.createTime,jdbcType=TIMESTAMP},
      </if>
      <if test="record.updateTime != null" >
        update_time = #{record.updateTime,jdbcType=TIMESTAMP},
      </if>
    </set>
    <if test="_parameter != null" >
      <include refid="Update_By_Example_Where_Clause" />
    </if>
  </update>
  <update id="updateByExample" parameterType="map" >
    <!--
      WARNING - @mbggenerated
      This element is automatically generated by MyBatis Generator, do not modify.
      This element was generated on Sun Mar 12 23:14:32 CST 2017.
    -->
    update p2p_third_eval
    set id = #{record.id,jdbcType=INTEGER},
      plat_id = #{record.platId,jdbcType=INTEGER},
      development_rate = #{record.developmentRate,jdbcType=REAL},
      mobility = #{record.mobility,jdbcType=REAL},
      turnover = #{record.turnover,jdbcType=REAL},
      benefit = #{record.benefit,jdbcType=REAL},
      dispersion = #{record.dispersion,jdbcType=REAL},
      update_date = #{record.updateDate,jdbcType=DATE},
      popularity = #{record.popularity,jdbcType=REAL},
      transparency = #{record.transparency,jdbcType=REAL},
      create_time = #{record.createTime,jdbcType=TIMESTAMP},
      update_time = #{record.updateTime,jdbcType=TIMESTAMP}
    <if test="_parameter != null" >
      <include refid="Update_By_Example_Where_Clause" />
    </if>
  </update>
  <update id="updateByPrimaryKeySelective" parameterType="com.jzt.api.domain.P2pThirdEval" >
    <!--
      WARNING - @mbggenerated
      This element is automatically generated by MyBatis Generator, do not modify.
      This element was generated on Sun Mar 12 23:14:32 CST 2017.
    -->
    update p2p_third_eval
    <set >
      <if test="platId != null" >
        plat_id = #{platId,jdbcType=INTEGER},
      </if>
      <if test="developmentRate != null" >
        development_rate = #{developmentRate,jdbcType=REAL},
      </if>
      <if test="mobility != null" >
        mobility = #{mobility,jdbcType=REAL},
      </if>
      <if test="turnover != null" >
        turnover = #{turnover,jdbcType=REAL},
      </if>
      <if test="benefit != null" >
        benefit = #{benefit,jdbcType=REAL},
      </if>
      <if test="dispersion != null" >
        dispersion = #{dispersion,jdbcType=REAL},
      </if>
      <if test="updateDate != null" >
        update_date = #{updateDate,jdbcType=DATE},
      </if>
      <if test="popularity != null" >
        popularity = #{popularity,jdbcType=REAL},
      </if>
      <if test="transparency != null" >
        transparency = #{transparency,jdbcType=REAL},
      </if>
      <if test="createTime != null" >
        create_time = #{createTime,jdbcType=TIMESTAMP},
      </if>
      <if test="updateTime != null" >
        update_time = #{updateTime,jdbcType=TIMESTAMP},
      </if>
    </set>
    where id = #{id,jdbcType=INTEGER}
  </update>
  <update id="updateByPrimaryKey" parameterType="com.jzt.api.domain.P2pThirdEval" >
    <!--
      WARNING - @mbggenerated
      This element is automatically generated by MyBatis Generator, do not modify.
      This element was generated on Sun Mar 12 23:14:32 CST 2017.
    -->
    update p2p_third_eval
    set plat_id = #{platId,jdbcType=INTEGER},
      development_rate = #{developmentRate,jdbcType=REAL},
      mobility = #{mobility,jdbcType=REAL},
      turnover = #{turnover,jdbcType=REAL},
      benefit = #{benefit,jdbcType=REAL},
      dispersion = #{dispersion,jdbcType=REAL},
      update_date = #{updateDate,jdbcType=DATE},
      popularity = #{popularity,jdbcType=REAL},
      transparency = #{transparency,jdbcType=REAL},
      create_time = #{createTime,jdbcType=TIMESTAMP},
      update_time = #{updateTime,jdbcType=TIMESTAMP}
    where id = #{id,jdbcType=INTEGER}
  </update>
</mapper>