<?xml version="1.0" encoding="UTF-8" ?>
<!DOCTYPE mapper PUBLIC "-//mybatis.org//DTD Mapper 3.0//EN" "http://mybatis.org/dtd/mybatis-3-mapper.dtd" >
<mapper namespace="com.jzt.api.dao.PhoneValidateMapper" >
  <resultMap id="BaseResultMap" type="com.jzt.api.domain.PhoneValidate" >
    <id column="id" property="id" jdbcType="INTEGER" />
    <result column="phone" property="phone" jdbcType="VARCHAR" />
    <result column="validate" property="validate" jdbcType="VARCHAR" />
    <result column="ip" property="ip" jdbcType="VARCHAR" />
    <result column="create_time" property="createTime" jdbcType="TIMESTAMP" />
    <result column="expire_time" property="expireTime" jdbcType="TIMESTAMP" />
    <result column="is_use" property="isUse" jdbcType="INTEGER" />
    <result column="using_time" property="usingTime" jdbcType="TIMESTAMP" />
  </resultMap>
  <sql id="Example_Where_Clause" >
    <where >
      <foreach collection="oredCriteria" item="criteria" separator="or" >
        <if test="criteria.valid" >
          <trim prefix="(" suffix=")" prefixOverrides="and" >
            <foreach collection="criteria.criteria" item="criterion" >
              <choose >
                <when test="criterion.noValue" >
                  and ${criterion.condition}
                </when>
                <when test="criterion.singleValue" >
                  and ${criterion.condition} #{criterion.value}
                </when>
                <when test="criterion.betweenValue" >
                  and ${criterion.condition} #{criterion.value} and #{criterion.secondValue}
                </when>
                <when test="criterion.listValue" >
                  and ${criterion.condition}
                  <foreach collection="criterion.value" item="listItem" open="(" close=")" separator="," >
                    #{listItem}
                  </foreach>
                </when>
              </choose>
            </foreach>
          </trim>
        </if>
      </foreach>
    </where>
  </sql>
  <sql id="Update_By_Example_Where_Clause" >
    <where >
      <foreach collection="example.oredCriteria" item="criteria" separator="or" >
        <if test="criteria.valid" >
          <trim prefix="(" suffix=")" prefixOverrides="and" >
            <foreach collection="criteria.criteria" item="criterion" >
              <choose >
                <when test="criterion.noValue" >
                  and ${criterion.condition}
                </when>
                <when test="criterion.singleValue" >
                  and ${criterion.condition} #{criterion.value}
                </when>
                <when test="criterion.betweenValue" >
                  and ${criterion.condition} #{criterion.value} and #{criterion.secondValue}
                </when>
                <when test="criterion.listValue" >
                  and ${criterion.condition}
                  <foreach collection="criterion.value" item="listItem" open="(" close=")" separator="," >
                    #{listItem}
                  </foreach>
                </when>
              </choose>
            </foreach>
          </trim>
        </if>
      </foreach>
    </where>
  </sql>
  <sql id="Base_Column_List" >
    id, phone, validate, ip, create_time, expire_time, is_use, using_time
  </sql>
  <select id="selectByExample" resultMap="BaseResultMap" parameterType="com.jzt.api.domain.PhoneValidateExample" >
    select
    <if test="distinct" >
      distinct
    </if>
    <include refid="Base_Column_List" />
    from phone_validate
    <if test="_parameter != null" >
      <include refid="Example_Where_Clause" />
    </if>
    <if test="orderByClause != null" >
      order by ${orderByClause}
    </if>
  </select>
  <select id="selectByPrimaryKey" resultMap="BaseResultMap" parameterType="java.lang.Integer" >
    select 
    <include refid="Base_Column_List" />
    from phone_validate
    where id = #{id,jdbcType=INTEGER}
  </select>
  <delete id="deleteByPrimaryKey" parameterType="java.lang.Integer" >
    delete from phone_validate
    where id = #{id,jdbcType=INTEGER}
  </delete>
  <delete id="deleteByExample" parameterType="com.jzt.api.domain.PhoneValidateExample" >
    delete from phone_validate
    <if test="_parameter != null" >
      <include refid="Example_Where_Clause" />
    </if>
  </delete>
  <insert id="insert" parameterType="com.jzt.api.domain.PhoneValidate" >
    insert into phone_validate (id, phone, validate, 
      ip, create_time, expire_time, 
      is_use, using_time)
    values (#{id,jdbcType=INTEGER}, #{phone,jdbcType=VARCHAR}, #{validate,jdbcType=VARCHAR}, 
      #{ip,jdbcType=VARCHAR}, #{createTime,jdbcType=TIMESTAMP}, #{expireTime,jdbcType=TIMESTAMP}, 
      #{isUse,jdbcType=INTEGER}, #{usingTime,jdbcType=TIMESTAMP})
  </insert>
  <insert id="insertSelective" parameterType="com.jzt.api.domain.PhoneValidate" >
    insert into phone_validate
    <trim prefix="(" suffix=")" suffixOverrides="," >
      <if test="id != null" >
        id,
      </if>
      <if test="phone != null" >
        phone,
      </if>
      <if test="validate != null" >
        validate,
      </if>
      <if test="ip != null" >
        ip,
      </if>
      <if test="createTime != null" >
        create_time,
      </if>
      <if test="expireTime != null" >
        expire_time,
      </if>
      <if test="isUse != null" >
        is_use,
      </if>
      <if test="usingTime != null" >
        using_time,
      </if>
    </trim>
    <trim prefix="values (" suffix=")" suffixOverrides="," >
      <if test="id != null" >
        #{id,jdbcType=INTEGER},
      </if>
      <if test="phone != null" >
        #{phone,jdbcType=VARCHAR},
      </if>
      <if test="validate != null" >
        #{validate,jdbcType=VARCHAR},
      </if>
      <if test="ip != null" >
        #{ip,jdbcType=VARCHAR},
      </if>
      <if test="createTime != null" >
        #{createTime,jdbcType=TIMESTAMP},
      </if>
      <if test="expireTime != null" >
        #{expireTime,jdbcType=TIMESTAMP},
      </if>
      <if test="isUse != null" >
        #{isUse,jdbcType=INTEGER},
      </if>
      <if test="usingTime != null" >
        #{usingTime,jdbcType=TIMESTAMP},
      </if>
    </trim>
  </insert>
  <select id="countByExample" parameterType="com.jzt.api.domain.PhoneValidateExample" resultType="java.lang.Integer" >
    select count(*) from phone_validate
    <if test="_parameter != null" >
      <include refid="Example_Where_Clause" />
    </if>
  </select>
  <update id="updateByExampleSelective" parameterType="map" >
    update phone_validate
    <set >
      <if test="record.id != null" >
        id = #{record.id,jdbcType=INTEGER},
      </if>
      <if test="record.phone != null" >
        phone = #{record.phone,jdbcType=VARCHAR},
      </if>
      <if test="record.validate != null" >
        validate = #{record.validate,jdbcType=VARCHAR},
      </if>
      <if test="record.ip != null" >
        ip = #{record.ip,jdbcType=VARCHAR},
      </if>
      <if test="record.createTime != null" >
        create_time = #{record.createTime,jdbcType=TIMESTAMP},
      </if>
      <if test="record.expireTime != null" >
        expire_time = #{record.expireTime,jdbcType=TIMESTAMP},
      </if>
      <if test="record.isUse != null" >
        is_use = #{record.isUse,jdbcType=INTEGER},
      </if>
      <if test="record.usingTime != null" >
        using_time = #{record.usingTime,jdbcType=TIMESTAMP},
      </if>
    </set>
    <if test="_parameter != null" >
      <include refid="Update_By_Example_Where_Clause" />
    </if>
  </update>
  <update id="updateByExample" parameterType="map" >
    update phone_validate
    set id = #{record.id,jdbcType=INTEGER},
      phone = #{record.phone,jdbcType=VARCHAR},
      validate = #{record.validate,jdbcType=VARCHAR},
      ip = #{record.ip,jdbcType=VARCHAR},
      create_time = #{record.createTime,jdbcType=TIMESTAMP},
      expire_time = #{record.expireTime,jdbcType=TIMESTAMP},
      is_use = #{record.isUse,jdbcType=INTEGER},
      using_time = #{record.usingTime,jdbcType=TIMESTAMP}
    <if test="_parameter != null" >
      <include refid="Update_By_Example_Where_Clause" />
    </if>
  </update>
  <update id="updateByPrimaryKeySelective" parameterType="com.jzt.api.domain.PhoneValidate" >
    update phone_validate
    <set >
      <if test="phone != null" >
        phone = #{phone,jdbcType=VARCHAR},
      </if>
      <if test="validate != null" >
        validate = #{validate,jdbcType=VARCHAR},
      </if>
      <if test="ip != null" >
        ip = #{ip,jdbcType=VARCHAR},
      </if>
      <if test="createTime != null" >
        create_time = #{createTime,jdbcType=TIMESTAMP},
      </if>
      <if test="expireTime != null" >
        expire_time = #{expireTime,jdbcType=TIMESTAMP},
      </if>
      <if test="isUse != null" >
        is_use = #{isUse,jdbcType=INTEGER},
      </if>
      <if test="usingTime != null" >
        using_time = #{usingTime,jdbcType=TIMESTAMP},
      </if>
    </set>
    where id = #{id,jdbcType=INTEGER}
  </update>
  <update id="updateByPrimaryKey" parameterType="com.jzt.api.domain.PhoneValidate" >
    update phone_validate
    set phone = #{phone,jdbcType=VARCHAR},
      validate = #{validate,jdbcType=VARCHAR},
      ip = #{ip,jdbcType=VARCHAR},
      create_time = #{createTime,jdbcType=TIMESTAMP},
      expire_time = #{expireTime,jdbcType=TIMESTAMP},
      is_use = #{isUse,jdbcType=INTEGER},
      using_time = #{usingTime,jdbcType=TIMESTAMP}
    where id = #{id,jdbcType=INTEGER}
  </update>
</mapper>