<?xml version="1.0" encoding="UTF-8" ?>
<!DOCTYPE mapper PUBLIC "-//mybatis.org//DTD Mapper 3.0//EN" "http://mybatis.org/dtd/mybatis-3-mapper.dtd" >
<mapper namespace="com.jzt.api.dao.PlatContactMapper" >
  <resultMap id="BaseResultMap" type="com.jzt.api.domain.PlatContact" >
    <id column="id" property="id" jdbcType="INTEGER" />
    <result column="plat_id" property="platId" jdbcType="INTEGER" />
    <result column="address" property="address" jdbcType="VARCHAR" />
    <result column="phone_400" property="phone400" jdbcType="VARCHAR" />
    <result column="phone" property="phone" jdbcType="VARCHAR" />
    <result column="fax" property="fax" jdbcType="VARCHAR" />
    <result column="email" property="email" jdbcType="VARCHAR" />
    <result column="weibo" property="weibo" jdbcType="VARCHAR" />
    <result column="wechat" property="wechat" jdbcType="VARCHAR" />
    <result column="create_time" property="createTime" jdbcType="DATE" />
    <result column="update_time" property="updateTime" jdbcType="DATE" />
    <result column="is_delete" property="isDelete" jdbcType="INTEGER" />
  </resultMap>
  <sql id="Example_Where_Clause" >
    <where >
      <foreach collection="oredCriteria" item="criteria" separator="or" >
        <if test="criteria.valid" >
          <trim prefix="(" suffix=")" prefixOverrides="and" >
            <foreach collection="criteria.criteria" item="criterion" >
              <choose >
                <when test="criterion.noValue" >
                  and ${criterion.condition}
                </when>
                <when test="criterion.singleValue" >
                  and ${criterion.condition} #{criterion.value}
                </when>
                <when test="criterion.betweenValue" >
                  and ${criterion.condition} #{criterion.value} and #{criterion.secondValue}
                </when>
                <when test="criterion.listValue" >
                  and ${criterion.condition}
                  <foreach collection="criterion.value" item="listItem" open="(" close=")" separator="," >
                    #{listItem}
                  </foreach>
                </when>
              </choose>
            </foreach>
          </trim>
        </if>
      </foreach>
    </where>
  </sql>
  <sql id="Update_By_Example_Where_Clause" >
    <where >
      <foreach collection="example.oredCriteria" item="criteria" separator="or" >
        <if test="criteria.valid" >
          <trim prefix="(" suffix=")" prefixOverrides="and" >
            <foreach collection="criteria.criteria" item="criterion" >
              <choose >
                <when test="criterion.noValue" >
                  and ${criterion.condition}
                </when>
                <when test="criterion.singleValue" >
                  and ${criterion.condition} #{criterion.value}
                </when>
                <when test="criterion.betweenValue" >
                  and ${criterion.condition} #{criterion.value} and #{criterion.secondValue}
                </when>
                <when test="criterion.listValue" >
                  and ${criterion.condition}
                  <foreach collection="criterion.value" item="listItem" open="(" close=")" separator="," >
                    #{listItem}
                  </foreach>
                </when>
              </choose>
            </foreach>
          </trim>
        </if>
      </foreach>
    </where>
  </sql>
  <sql id="Base_Column_List" >
    id, plat_id, address, phone_400, phone, fax, email, weibo, wechat, create_time, update_time, 
    is_delete
  </sql>
  <select id="selectByExample" resultMap="BaseResultMap" parameterType="com.jzt.api.domain.PlatContactExample" >
    select
    <if test="distinct" >
      distinct
    </if>
    <include refid="Base_Column_List" />
    from plat_contact
    <if test="_parameter != null" >
      <include refid="Example_Where_Clause" />
    </if>
    <if test="orderByClause != null" >
      order by ${orderByClause}
    </if>
  </select>
  <select id="selectByPrimaryKey" resultMap="BaseResultMap" parameterType="java.lang.Integer" >
    select 
    <include refid="Base_Column_List" />
    from plat_contact
    where id = #{id,jdbcType=INTEGER}
  </select>
  <delete id="deleteByPrimaryKey" parameterType="java.lang.Integer" >
    delete from plat_contact
    where id = #{id,jdbcType=INTEGER}
  </delete>
  <delete id="deleteByExample" parameterType="com.jzt.api.domain.PlatContactExample" >
    delete from plat_contact
    <if test="_parameter != null" >
      <include refid="Example_Where_Clause" />
    </if>
  </delete>
  <insert id="insert" parameterType="com.jzt.api.domain.PlatContact" >
    insert into plat_contact (id, plat_id, address, 
      phone_400, phone, fax, 
      email, weibo, wechat, 
      create_time, update_time, is_delete
      )
    values (#{id,jdbcType=INTEGER}, #{platId,jdbcType=INTEGER}, #{address,jdbcType=VARCHAR}, 
      #{phone400,jdbcType=VARCHAR}, #{phone,jdbcType=VARCHAR}, #{fax,jdbcType=VARCHAR}, 
      #{email,jdbcType=VARCHAR}, #{weibo,jdbcType=VARCHAR}, #{wechat,jdbcType=VARCHAR}, 
      #{createTime,jdbcType=DATE}, #{updateTime,jdbcType=DATE}, #{isDelete,jdbcType=INTEGER}
      )
  </insert>
  <insert id="insertSelective" parameterType="com.jzt.api.domain.PlatContact" >
    insert into plat_contact
    <trim prefix="(" suffix=")" suffixOverrides="," >
      <if test="id != null" >
        id,
      </if>
      <if test="platId != null" >
        plat_id,
      </if>
      <if test="address != null" >
        address,
      </if>
      <if test="phone400 != null" >
        phone_400,
      </if>
      <if test="phone != null" >
        phone,
      </if>
      <if test="fax != null" >
        fax,
      </if>
      <if test="email != null" >
        email,
      </if>
      <if test="weibo != null" >
        weibo,
      </if>
      <if test="wechat != null" >
        wechat,
      </if>
      <if test="createTime != null" >
        create_time,
      </if>
      <if test="updateTime != null" >
        update_time,
      </if>
      <if test="isDelete != null" >
        is_delete,
      </if>
    </trim>
    <trim prefix="values (" suffix=")" suffixOverrides="," >
      <if test="id != null" >
        #{id,jdbcType=INTEGER},
      </if>
      <if test="platId != null" >
        #{platId,jdbcType=INTEGER},
      </if>
      <if test="address != null" >
        #{address,jdbcType=VARCHAR},
      </if>
      <if test="phone400 != null" >
        #{phone400,jdbcType=VARCHAR},
      </if>
      <if test="phone != null" >
        #{phone,jdbcType=VARCHAR},
      </if>
      <if test="fax != null" >
        #{fax,jdbcType=VARCHAR},
      </if>
      <if test="email != null" >
        #{email,jdbcType=VARCHAR},
      </if>
      <if test="weibo != null" >
        #{weibo,jdbcType=VARCHAR},
      </if>
      <if test="wechat != null" >
        #{wechat,jdbcType=VARCHAR},
      </if>
      <if test="createTime != null" >
        #{createTime,jdbcType=DATE},
      </if>
      <if test="updateTime != null" >
        #{updateTime,jdbcType=DATE},
      </if>
      <if test="isDelete != null" >
        #{isDelete,jdbcType=INTEGER},
      </if>
    </trim>
  </insert>
  <select id="countByExample" parameterType="com.jzt.api.domain.PlatContactExample" resultType="java.lang.Integer" >
    select count(*) from plat_contact
    <if test="_parameter != null" >
      <include refid="Example_Where_Clause" />
    </if>
  </select>
  <update id="updateByExampleSelective" parameterType="map" >
    update plat_contact
    <set >
      <if test="record.id != null" >
        id = #{record.id,jdbcType=INTEGER},
      </if>
      <if test="record.platId != null" >
        plat_id = #{record.platId,jdbcType=INTEGER},
      </if>
      <if test="record.address != null" >
        address = #{record.address,jdbcType=VARCHAR},
      </if>
      <if test="record.phone400 != null" >
        phone_400 = #{record.phone400,jdbcType=VARCHAR},
      </if>
      <if test="record.phone != null" >
        phone = #{record.phone,jdbcType=VARCHAR},
      </if>
      <if test="record.fax != null" >
        fax = #{record.fax,jdbcType=VARCHAR},
      </if>
      <if test="record.email != null" >
        email = #{record.email,jdbcType=VARCHAR},
      </if>
      <if test="record.weibo != null" >
        weibo = #{record.weibo,jdbcType=VARCHAR},
      </if>
      <if test="record.wechat != null" >
        wechat = #{record.wechat,jdbcType=VARCHAR},
      </if>
      <if test="record.createTime != null" >
        create_time = #{record.createTime,jdbcType=DATE},
      </if>
      <if test="record.updateTime != null" >
        update_time = #{record.updateTime,jdbcType=DATE},
      </if>
      <if test="record.isDelete != null" >
        is_delete = #{record.isDelete,jdbcType=INTEGER},
      </if>
    </set>
    <if test="_parameter != null" >
      <include refid="Update_By_Example_Where_Clause" />
    </if>
  </update>
  <update id="updateByExample" parameterType="map" >
    update plat_contact
    set id = #{record.id,jdbcType=INTEGER},
      plat_id = #{record.platId,jdbcType=INTEGER},
      address = #{record.address,jdbcType=VARCHAR},
      phone_400 = #{record.phone400,jdbcType=VARCHAR},
      phone = #{record.phone,jdbcType=VARCHAR},
      fax = #{record.fax,jdbcType=VARCHAR},
      email = #{record.email,jdbcType=VARCHAR},
      weibo = #{record.weibo,jdbcType=VARCHAR},
      wechat = #{record.wechat,jdbcType=VARCHAR},
      create_time = #{record.createTime,jdbcType=DATE},
      update_time = #{record.updateTime,jdbcType=DATE},
      is_delete = #{record.isDelete,jdbcType=INTEGER}
    <if test="_parameter != null" >
      <include refid="Update_By_Example_Where_Clause" />
    </if>
  </update>
  <update id="updateByPrimaryKeySelective" parameterType="com.jzt.api.domain.PlatContact" >
    update plat_contact
    <set >
      <if test="platId != null" >
        plat_id = #{platId,jdbcType=INTEGER},
      </if>
      <if test="address != null" >
        address = #{address,jdbcType=VARCHAR},
      </if>
      <if test="phone400 != null" >
        phone_400 = #{phone400,jdbcType=VARCHAR},
      </if>
      <if test="phone != null" >
        phone = #{phone,jdbcType=VARCHAR},
      </if>
      <if test="fax != null" >
        fax = #{fax,jdbcType=VARCHAR},
      </if>
      <if test="email != null" >
        email = #{email,jdbcType=VARCHAR},
      </if>
      <if test="weibo != null" >
        weibo = #{weibo,jdbcType=VARCHAR},
      </if>
      <if test="wechat != null" >
        wechat = #{wechat,jdbcType=VARCHAR},
      </if>
      <if test="createTime != null" >
        create_time = #{createTime,jdbcType=DATE},
      </if>
      <if test="updateTime != null" >
        update_time = #{updateTime,jdbcType=DATE},
      </if>
      <if test="isDelete != null" >
        is_delete = #{isDelete,jdbcType=INTEGER},
      </if>
    </set>
    where id = #{id,jdbcType=INTEGER}
  </update>
  <update id="updateByPrimaryKey" parameterType="com.jzt.api.domain.PlatContact" >
    update plat_contact
    set plat_id = #{platId,jdbcType=INTEGER},
      address = #{address,jdbcType=VARCHAR},
      phone_400 = #{phone400,jdbcType=VARCHAR},
      phone = #{phone,jdbcType=VARCHAR},
      fax = #{fax,jdbcType=VARCHAR},
      email = #{email,jdbcType=VARCHAR},
      weibo = #{weibo,jdbcType=VARCHAR},
      wechat = #{wechat,jdbcType=VARCHAR},
      create_time = #{createTime,jdbcType=DATE},
      update_time = #{updateTime,jdbcType=DATE},
      is_delete = #{isDelete,jdbcType=INTEGER}
    where id = #{id,jdbcType=INTEGER}
  </update>
</mapper>