<?xml version="1.0" encoding="UTF-8" ?>
<!DOCTYPE mapper PUBLIC "-//mybatis.org//DTD Mapper 3.0//EN" "http://mybatis.org/dtd/mybatis-3-mapper.dtd" >
<mapper namespace="com.jzt.api.dao.StockholderMapper" >
  <resultMap id="BaseResultMap" type="com.jzt.api.domain.Stockholder" >
    <!--
      WARNING - @mbggenerated
      This element is automatically generated by MyBatis Generator, do not modify.
      This element was generated on Sun Mar 12 23:14:32 CST 2017.
    -->
    <id column="id" property="id" jdbcType="INTEGER" />
    <result column="company_id" property="companyId" jdbcType="INTEGER" />
    <result column="type" property="type" jdbcType="VARCHAR" />
    <result column="name" property="name" jdbcType="VARCHAR" />
    <result column="certificate_type" property="certificateType" jdbcType="VARCHAR" />
    <result column="certificate" property="certificate" jdbcType="VARCHAR" />
    <result column="occupies_compared" property="occupiesCompared" jdbcType="VARCHAR" />
    <result column="registered_capital" property="registeredCapital" jdbcType="VARCHAR" />
    <result column="des" property="des" jdbcType="VARCHAR" />
    <result column="position" property="position" jdbcType="VARCHAR" />
    <result column="create_time" property="createTime" jdbcType="TIMESTAMP" />
    <result column="update_time" property="updateTime" jdbcType="TIMESTAMP" />
    <result column="is_delete" property="isDelete" jdbcType="INTEGER" />
  </resultMap>
  <sql id="Example_Where_Clause" >
    <!--
      WARNING - @mbggenerated
      This element is automatically generated by MyBatis Generator, do not modify.
      This element was generated on Sun Mar 12 23:14:32 CST 2017.
    -->
    <where >
      <foreach collection="oredCriteria" item="criteria" separator="or" >
        <if test="criteria.valid" >
          <trim prefix="(" suffix=")" prefixOverrides="and" >
            <foreach collection="criteria.criteria" item="criterion" >
              <choose >
                <when test="criterion.noValue" >
                  and ${criterion.condition}
                </when>
                <when test="criterion.singleValue" >
                  and ${criterion.condition} #{criterion.value}
                </when>
                <when test="criterion.betweenValue" >
                  and ${criterion.condition} #{criterion.value} and #{criterion.secondValue}
                </when>
                <when test="criterion.listValue" >
                  and ${criterion.condition}
                  <foreach collection="criterion.value" item="listItem" open="(" close=")" separator="," >
                    #{listItem}
                  </foreach>
                </when>
              </choose>
            </foreach>
          </trim>
        </if>
      </foreach>
    </where>
  </sql>
  <sql id="Update_By_Example_Where_Clause" >
    <!--
      WARNING - @mbggenerated
      This element is automatically generated by MyBatis Generator, do not modify.
      This element was generated on Sun Mar 12 23:14:32 CST 2017.
    -->
    <where >
      <foreach collection="example.oredCriteria" item="criteria" separator="or" >
        <if test="criteria.valid" >
          <trim prefix="(" suffix=")" prefixOverrides="and" >
            <foreach collection="criteria.criteria" item="criterion" >
              <choose >
                <when test="criterion.noValue" >
                  and ${criterion.condition}
                </when>
                <when test="criterion.singleValue" >
                  and ${criterion.condition} #{criterion.value}
                </when>
                <when test="criterion.betweenValue" >
                  and ${criterion.condition} #{criterion.value} and #{criterion.secondValue}
                </when>
                <when test="criterion.listValue" >
                  and ${criterion.condition}
                  <foreach collection="criterion.value" item="listItem" open="(" close=")" separator="," >
                    #{listItem}
                  </foreach>
                </when>
              </choose>
            </foreach>
          </trim>
        </if>
      </foreach>
    </where>
  </sql>
  <sql id="Base_Column_List" >
    <!--
      WARNING - @mbggenerated
      This element is automatically generated by MyBatis Generator, do not modify.
      This element was generated on Sun Mar 12 23:14:32 CST 2017.
    -->
    id, company_id, type, name, certificate_type, certificate, occupies_compared, registered_capital, 
    des, position, create_time, update_time, is_delete
  </sql>
  <select id="selectByExample" resultMap="BaseResultMap" parameterType="com.jzt.api.domain.StockholderExample" >
    <!--
      WARNING - @mbggenerated
      This element is automatically generated by MyBatis Generator, do not modify.
      This element was generated on Sun Mar 12 23:14:32 CST 2017.
    -->
    select
    <if test="distinct" >
      distinct
    </if>
    <include refid="Base_Column_List" />
    from stockholder
    <if test="_parameter != null" >
      <include refid="Example_Where_Clause" />
    </if>
    <if test="orderByClause != null" >
      order by ${orderByClause}
    </if>
  </select>
  <select id="selectByPrimaryKey" resultMap="BaseResultMap" parameterType="java.lang.Integer" >
    <!--
      WARNING - @mbggenerated
      This element is automatically generated by MyBatis Generator, do not modify.
      This element was generated on Sun Mar 12 23:14:32 CST 2017.
    -->
    select 
    <include refid="Base_Column_List" />
    from stockholder
    where id = #{id,jdbcType=INTEGER}
  </select>
  <delete id="deleteByPrimaryKey" parameterType="java.lang.Integer" >
    <!--
      WARNING - @mbggenerated
      This element is automatically generated by MyBatis Generator, do not modify.
      This element was generated on Sun Mar 12 23:14:32 CST 2017.
    -->
    delete from stockholder
    where id = #{id,jdbcType=INTEGER}
  </delete>
  <delete id="deleteByExample" parameterType="com.jzt.api.domain.StockholderExample" >
    <!--
      WARNING - @mbggenerated
      This element is automatically generated by MyBatis Generator, do not modify.
      This element was generated on Sun Mar 12 23:14:32 CST 2017.
    -->
    delete from stockholder
    <if test="_parameter != null" >
      <include refid="Example_Where_Clause" />
    </if>
  </delete>
  <insert id="insert" parameterType="com.jzt.api.domain.Stockholder" >
    <!--
      WARNING - @mbggenerated
      This element is automatically generated by MyBatis Generator, do not modify.
      This element was generated on Sun Mar 12 23:14:32 CST 2017.
    -->
    insert into stockholder (id, company_id, type, 
      name, certificate_type, certificate, 
      occupies_compared, registered_capital, des, 
      position, create_time, update_time, 
      is_delete)
    values (#{id,jdbcType=INTEGER}, #{companyId,jdbcType=INTEGER}, #{type,jdbcType=VARCHAR}, 
      #{name,jdbcType=VARCHAR}, #{certificateType,jdbcType=VARCHAR}, #{certificate,jdbcType=VARCHAR}, 
      #{occupiesCompared,jdbcType=VARCHAR}, #{registeredCapital,jdbcType=VARCHAR}, #{des,jdbcType=VARCHAR}, 
      #{position,jdbcType=VARCHAR}, #{createTime,jdbcType=TIMESTAMP}, #{updateTime,jdbcType=TIMESTAMP}, 
      #{isDelete,jdbcType=INTEGER})
  </insert>
  <insert id="insertSelective" parameterType="com.jzt.api.domain.Stockholder" >
    <!--
      WARNING - @mbggenerated
      This element is automatically generated by MyBatis Generator, do not modify.
      This element was generated on Sun Mar 12 23:14:32 CST 2017.
    -->
    insert into stockholder
    <trim prefix="(" suffix=")" suffixOverrides="," >
      <if test="id != null" >
        id,
      </if>
      <if test="companyId != null" >
        company_id,
      </if>
      <if test="type != null" >
        type,
      </if>
      <if test="name != null" >
        name,
      </if>
      <if test="certificateType != null" >
        certificate_type,
      </if>
      <if test="certificate != null" >
        certificate,
      </if>
      <if test="occupiesCompared != null" >
        occupies_compared,
      </if>
      <if test="registeredCapital != null" >
        registered_capital,
      </if>
      <if test="des != null" >
        des,
      </if>
      <if test="position != null" >
        position,
      </if>
      <if test="createTime != null" >
        create_time,
      </if>
      <if test="updateTime != null" >
        update_time,
      </if>
      <if test="isDelete != null" >
        is_delete,
      </if>
    </trim>
    <trim prefix="values (" suffix=")" suffixOverrides="," >
      <if test="id != null" >
        #{id,jdbcType=INTEGER},
      </if>
      <if test="companyId != null" >
        #{companyId,jdbcType=INTEGER},
      </if>
      <if test="type != null" >
        #{type,jdbcType=VARCHAR},
      </if>
      <if test="name != null" >
        #{name,jdbcType=VARCHAR},
      </if>
      <if test="certificateType != null" >
        #{certificateType,jdbcType=VARCHAR},
      </if>
      <if test="certificate != null" >
        #{certificate,jdbcType=VARCHAR},
      </if>
      <if test="occupiesCompared != null" >
        #{occupiesCompared,jdbcType=VARCHAR},
      </if>
      <if test="registeredCapital != null" >
        #{registeredCapital,jdbcType=VARCHAR},
      </if>
      <if test="des != null" >
        #{des,jdbcType=VARCHAR},
      </if>
      <if test="position != null" >
        #{position,jdbcType=VARCHAR},
      </if>
      <if test="createTime != null" >
        #{createTime,jdbcType=TIMESTAMP},
      </if>
      <if test="updateTime != null" >
        #{updateTime,jdbcType=TIMESTAMP},
      </if>
      <if test="isDelete != null" >
        #{isDelete,jdbcType=INTEGER},
      </if>
    </trim>
  </insert>
  <select id="countByExample" parameterType="com.jzt.api.domain.StockholderExample" resultType="java.lang.Integer" >
    <!--
      WARNING - @mbggenerated
      This element is automatically generated by MyBatis Generator, do not modify.
      This element was generated on Sun Mar 12 23:14:32 CST 2017.
    -->
    select count(*) from stockholder
    <if test="_parameter != null" >
      <include refid="Example_Where_Clause" />
    </if>
  </select>
  <update id="updateByExampleSelective" parameterType="map" >
    <!--
      WARNING - @mbggenerated
      This element is automatically generated by MyBatis Generator, do not modify.
      This element was generated on Sun Mar 12 23:14:32 CST 2017.
    -->
    update stockholder
    <set >
      <if test="record.id != null" >
        id = #{record.id,jdbcType=INTEGER},
      </if>
      <if test="record.companyId != null" >
        company_id = #{record.companyId,jdbcType=INTEGER},
      </if>
      <if test="record.type != null" >
        type = #{record.type,jdbcType=VARCHAR},
      </if>
      <if test="record.name != null" >
        name = #{record.name,jdbcType=VARCHAR},
      </if>
      <if test="record.certificateType != null" >
        certificate_type = #{record.certificateType,jdbcType=VARCHAR},
      </if>
      <if test="record.certificate != null" >
        certificate = #{record.certificate,jdbcType=VARCHAR},
      </if>
      <if test="record.occupiesCompared != null" >
        occupies_compared = #{record.occupiesCompared,jdbcType=VARCHAR},
      </if>
      <if test="record.registeredCapital != null" >
        registered_capital = #{record.registeredCapital,jdbcType=VARCHAR},
      </if>
      <if test="record.des != null" >
        des = #{record.des,jdbcType=VARCHAR},
      </if>
      <if test="record.position != null" >
        position = #{record.position,jdbcType=VARCHAR},
      </if>
      <if test="record.createTime != null" >
        create_time = #{record.createTime,jdbcType=TIMESTAMP},
      </if>
      <if test="record.updateTime != null" >
        update_time = #{record.updateTime,jdbcType=TIMESTAMP},
      </if>
      <if test="record.isDelete != null" >
        is_delete = #{record.isDelete,jdbcType=INTEGER},
      </if>
    </set>
    <if test="_parameter != null" >
      <include refid="Update_By_Example_Where_Clause" />
    </if>
  </update>
  <update id="updateByExample" parameterType="map" >
    <!--
      WARNING - @mbggenerated
      This element is automatically generated by MyBatis Generator, do not modify.
      This element was generated on Sun Mar 12 23:14:32 CST 2017.
    -->
    update stockholder
    set id = #{record.id,jdbcType=INTEGER},
      company_id = #{record.companyId,jdbcType=INTEGER},
      type = #{record.type,jdbcType=VARCHAR},
      name = #{record.name,jdbcType=VARCHAR},
      certificate_type = #{record.certificateType,jdbcType=VARCHAR},
      certificate = #{record.certificate,jdbcType=VARCHAR},
      occupies_compared = #{record.occupiesCompared,jdbcType=VARCHAR},
      registered_capital = #{record.registeredCapital,jdbcType=VARCHAR},
      des = #{record.des,jdbcType=VARCHAR},
      position = #{record.position,jdbcType=VARCHAR},
      create_time = #{record.createTime,jdbcType=TIMESTAMP},
      update_time = #{record.updateTime,jdbcType=TIMESTAMP},
      is_delete = #{record.isDelete,jdbcType=INTEGER}
    <if test="_parameter != null" >
      <include refid="Update_By_Example_Where_Clause" />
    </if>
  </update>
  <update id="updateByPrimaryKeySelective" parameterType="com.jzt.api.domain.Stockholder" >
    <!--
      WARNING - @mbggenerated
      This element is automatically generated by MyBatis Generator, do not modify.
      This element was generated on Sun Mar 12 23:14:32 CST 2017.
    -->
    update stockholder
    <set >
      <if test="companyId != null" >
        company_id = #{companyId,jdbcType=INTEGER},
      </if>
      <if test="type != null" >
        type = #{type,jdbcType=VARCHAR},
      </if>
      <if test="name != null" >
        name = #{name,jdbcType=VARCHAR},
      </if>
      <if test="certificateType != null" >
        certificate_type = #{certificateType,jdbcType=VARCHAR},
      </if>
      <if test="certificate != null" >
        certificate = #{certificate,jdbcType=VARCHAR},
      </if>
      <if test="occupiesCompared != null" >
        occupies_compared = #{occupiesCompared,jdbcType=VARCHAR},
      </if>
      <if test="registeredCapital != null" >
        registered_capital = #{registeredCapital,jdbcType=VARCHAR},
      </if>
      <if test="des != null" >
        des = #{des,jdbcType=VARCHAR},
      </if>
      <if test="position != null" >
        position = #{position,jdbcType=VARCHAR},
      </if>
      <if test="createTime != null" >
        create_time = #{createTime,jdbcType=TIMESTAMP},
      </if>
      <if test="updateTime != null" >
        update_time = #{updateTime,jdbcType=TIMESTAMP},
      </if>
      <if test="isDelete != null" >
        is_delete = #{isDelete,jdbcType=INTEGER},
      </if>
    </set>
    where id = #{id,jdbcType=INTEGER}
  </update>
  <update id="updateByPrimaryKey" parameterType="com.jzt.api.domain.Stockholder" >
    <!--
      WARNING - @mbggenerated
      This element is automatically generated by MyBatis Generator, do not modify.
      This element was generated on Sun Mar 12 23:14:32 CST 2017.
    -->
    update stockholder
    set company_id = #{companyId,jdbcType=INTEGER},
      type = #{type,jdbcType=VARCHAR},
      name = #{name,jdbcType=VARCHAR},
      certificate_type = #{certificateType,jdbcType=VARCHAR},
      certificate = #{certificate,jdbcType=VARCHAR},
      occupies_compared = #{occupiesCompared,jdbcType=VARCHAR},
      registered_capital = #{registeredCapital,jdbcType=VARCHAR},
      des = #{des,jdbcType=VARCHAR},
      position = #{position,jdbcType=VARCHAR},
      create_time = #{createTime,jdbcType=TIMESTAMP},
      update_time = #{updateTime,jdbcType=TIMESTAMP},
      is_delete = #{isDelete,jdbcType=INTEGER}
    where id = #{id,jdbcType=INTEGER}
  </update>
</mapper>