<?xml version="1.0" encoding="UTF-8" ?>
<!DOCTYPE mapper PUBLIC "-//mybatis.org//DTD Mapper 3.0//EN" "http://mybatis.org/dtd/mybatis-3-mapper.dtd" >
<mapper namespace="com.jzt.api.dao.WarningInfoMailMapper" >
  <resultMap id="BaseResultMap" type="com.jzt.api.domain.WarningInfoMail" >
    <id column="id" property="id" jdbcType="INTEGER" />
    <result column="admin_id" property="adminId" jdbcType="INTEGER" />
    <result column="user_id" property="userId" jdbcType="INTEGER" />
    <result column="send_time" property="sendTime" jdbcType="TIMESTAMP" />
    <result column="content" property="content" jdbcType="VARCHAR" />
    <result column="reason" property="reason" jdbcType="VARCHAR" />
    <result column="is_read" property="isRead" jdbcType="INTEGER" />
  </resultMap>
  <sql id="Example_Where_Clause" >
    <where >
      <foreach collection="oredCriteria" item="criteria" separator="or" >
        <if test="criteria.valid" >
          <trim prefix="(" suffix=")" prefixOverrides="and" >
            <foreach collection="criteria.criteria" item="criterion" >
              <choose >
                <when test="criterion.noValue" >
                  and ${criterion.condition}
                </when>
                <when test="criterion.singleValue" >
                  and ${criterion.condition} #{criterion.value}
                </when>
                <when test="criterion.betweenValue" >
                  and ${criterion.condition} #{criterion.value} and #{criterion.secondValue}
                </when>
                <when test="criterion.listValue" >
                  and ${criterion.condition}
                  <foreach collection="criterion.value" item="listItem" open="(" close=")" separator="," >
                    #{listItem}
                  </foreach>
                </when>
              </choose>
            </foreach>
          </trim>
        </if>
      </foreach>
    </where>
  </sql>
  <sql id="Update_By_Example_Where_Clause" >
    <where >
      <foreach collection="example.oredCriteria" item="criteria" separator="or" >
        <if test="criteria.valid" >
          <trim prefix="(" suffix=")" prefixOverrides="and" >
            <foreach collection="criteria.criteria" item="criterion" >
              <choose >
                <when test="criterion.noValue" >
                  and ${criterion.condition}
                </when>
                <when test="criterion.singleValue" >
                  and ${criterion.condition} #{criterion.value}
                </when>
                <when test="criterion.betweenValue" >
                  and ${criterion.condition} #{criterion.value} and #{criterion.secondValue}
                </when>
                <when test="criterion.listValue" >
                  and ${criterion.condition}
                  <foreach collection="criterion.value" item="listItem" open="(" close=")" separator="," >
                    #{listItem}
                  </foreach>
                </when>
              </choose>
            </foreach>
          </trim>
        </if>
      </foreach>
    </where>
  </sql>
  <sql id="Base_Column_List" >
    id, admin_id, user_id, send_time, content, reason, is_read
  </sql>
  <select id="selectByExample" resultMap="BaseResultMap" parameterType="com.jzt.api.domain.WarningInfoMailExample" >
    select
    <if test="distinct" >
      distinct
    </if>
    <include refid="Base_Column_List" />
    from warning_info_mail
    <if test="_parameter != null" >
      <include refid="Example_Where_Clause" />
    </if>
    <if test="orderByClause != null" >
      order by ${orderByClause}
    </if>
  </select>
  <select id="selectByPrimaryKey" resultMap="BaseResultMap" parameterType="java.lang.Integer" >
    select 
    <include refid="Base_Column_List" />
    from warning_info_mail
    where id = #{id,jdbcType=INTEGER}
  </select>
  <delete id="deleteByPrimaryKey" parameterType="java.lang.Integer" >
    delete from warning_info_mail
    where id = #{id,jdbcType=INTEGER}
  </delete>
  <delete id="deleteByExample" parameterType="com.jzt.api.domain.WarningInfoMailExample" >
    delete from warning_info_mail
    <if test="_parameter != null" >
      <include refid="Example_Where_Clause" />
    </if>
  </delete>
  <insert id="insert" parameterType="com.jzt.api.domain.WarningInfoMail" >
    insert into warning_info_mail (id, admin_id, user_id, 
      send_time, content, reason, 
      is_read)
    values (#{id,jdbcType=INTEGER}, #{adminId,jdbcType=INTEGER}, #{userId,jdbcType=INTEGER}, 
      #{sendTime,jdbcType=TIMESTAMP}, #{content,jdbcType=VARCHAR}, #{reason,jdbcType=VARCHAR}, 
      #{isRead,jdbcType=INTEGER})
  </insert>
  <insert id="insertSelective" parameterType="com.jzt.api.domain.WarningInfoMail" >
    insert into warning_info_mail
    <trim prefix="(" suffix=")" suffixOverrides="," >
      <if test="id != null" >
        id,
      </if>
      <if test="adminId != null" >
        admin_id,
      </if>
      <if test="userId != null" >
        user_id,
      </if>
      <if test="sendTime != null" >
        send_time,
      </if>
      <if test="content != null" >
        content,
      </if>
      <if test="reason != null" >
        reason,
      </if>
      <if test="isRead != null" >
        is_read,
      </if>
    </trim>
    <trim prefix="values (" suffix=")" suffixOverrides="," >
      <if test="id != null" >
        #{id,jdbcType=INTEGER},
      </if>
      <if test="adminId != null" >
        #{adminId,jdbcType=INTEGER},
      </if>
      <if test="userId != null" >
        #{userId,jdbcType=INTEGER},
      </if>
      <if test="sendTime != null" >
        #{sendTime,jdbcType=TIMESTAMP},
      </if>
      <if test="content != null" >
        #{content,jdbcType=VARCHAR},
      </if>
      <if test="reason != null" >
        #{reason,jdbcType=VARCHAR},
      </if>
      <if test="isRead != null" >
        #{isRead,jdbcType=INTEGER},
      </if>
    </trim>
  </insert>
  <select id="countByExample" parameterType="com.jzt.api.domain.WarningInfoMailExample" resultType="java.lang.Integer" >
    select count(*) from warning_info_mail
    <if test="_parameter != null" >
      <include refid="Example_Where_Clause" />
    </if>
  </select>
  <update id="updateByExampleSelective" parameterType="map" >
    update warning_info_mail
    <set >
      <if test="record.id != null" >
        id = #{record.id,jdbcType=INTEGER},
      </if>
      <if test="record.adminId != null" >
        admin_id = #{record.adminId,jdbcType=INTEGER},
      </if>
      <if test="record.userId != null" >
        user_id = #{record.userId,jdbcType=INTEGER},
      </if>
      <if test="record.sendTime != null" >
        send_time = #{record.sendTime,jdbcType=TIMESTAMP},
      </if>
      <if test="record.content != null" >
        content = #{record.content,jdbcType=VARCHAR},
      </if>
      <if test="record.reason != null" >
        reason = #{record.reason,jdbcType=VARCHAR},
      </if>
      <if test="record.isRead != null" >
        is_read = #{record.isRead,jdbcType=INTEGER},
      </if>
    </set>
    <if test="_parameter != null" >
      <include refid="Update_By_Example_Where_Clause" />
    </if>
  </update>
  <update id="updateByExample" parameterType="map" >
    update warning_info_mail
    set id = #{record.id,jdbcType=INTEGER},
      admin_id = #{record.adminId,jdbcType=INTEGER},
      user_id = #{record.userId,jdbcType=INTEGER},
      send_time = #{record.sendTime,jdbcType=TIMESTAMP},
      content = #{record.content,jdbcType=VARCHAR},
      reason = #{record.reason,jdbcType=VARCHAR},
      is_read = #{record.isRead,jdbcType=INTEGER}
    <if test="_parameter != null" >
      <include refid="Update_By_Example_Where_Clause" />
    </if>
  </update>
  <update id="updateByPrimaryKeySelective" parameterType="com.jzt.api.domain.WarningInfoMail" >
    update warning_info_mail
    <set >
      <if test="adminId != null" >
        admin_id = #{adminId,jdbcType=INTEGER},
      </if>
      <if test="userId != null" >
        user_id = #{userId,jdbcType=INTEGER},
      </if>
      <if test="sendTime != null" >
        send_time = #{sendTime,jdbcType=TIMESTAMP},
      </if>
      <if test="content != null" >
        content = #{content,jdbcType=VARCHAR},
      </if>
      <if test="reason != null" >
        reason = #{reason,jdbcType=VARCHAR},
      </if>
      <if test="isRead != null" >
        is_read = #{isRead,jdbcType=INTEGER},
      </if>
    </set>
    where id = #{id,jdbcType=INTEGER}
  </update>
  <update id="updateByPrimaryKey" parameterType="com.jzt.api.domain.WarningInfoMail" >
    update warning_info_mail
    set admin_id = #{adminId,jdbcType=INTEGER},
      user_id = #{userId,jdbcType=INTEGER},
      send_time = #{sendTime,jdbcType=TIMESTAMP},
      content = #{content,jdbcType=VARCHAR},
      reason = #{reason,jdbcType=VARCHAR},
      is_read = #{isRead,jdbcType=INTEGER}
    where id = #{id,jdbcType=INTEGER}
  </update>
</mapper>