<?xml version="1.0" encoding="UTF-8" ?>
<!DOCTYPE mapper PUBLIC "-//mybatis.org//DTD Mapper 3.0//EN" "http://mybatis.org/dtd/mybatis-3-mapper.dtd" >
<mapper namespace="com.jzt.api.dao.AppUserFavoriteMapper" >
  <resultMap id="BaseResultMap" type="com.jzt.api.domain.AppUserFavorite" >
    <id column="id" property="id" jdbcType="INTEGER" />
    <result column="uId" property="uid" jdbcType="INTEGER" />
    <result column="rId" property="rid" jdbcType="INTEGER" />
    <result column="create_time" property="createTime" jdbcType="DATE" />
    <result column="update_time" property="updateTime" jdbcType="DATE" />
  </resultMap>
  <sql id="Example_Where_Clause" >
    <where >
      <foreach collection="oredCriteria" item="criteria" separator="or" >
        <if test="criteria.valid" >
          <trim prefix="(" suffix=")" prefixOverrides="and" >
            <foreach collection="criteria.criteria" item="criterion" >
              <choose >
                <when test="criterion.noValue" >
                  and ${criterion.condition}
                </when>
                <when test="criterion.singleValue" >
                  and ${criterion.condition} #{criterion.value}
                </when>
                <when test="criterion.betweenValue" >
                  and ${criterion.condition} #{criterion.value} and #{criterion.secondValue}
                </when>
                <when test="criterion.listValue" >
                  and ${criterion.condition}
                  <foreach collection="criterion.value" item="listItem" open="(" close=")" separator="," >
                    #{listItem}
                  </foreach>
                </when>
              </choose>
            </foreach>
          </trim>
        </if>
      </foreach>
    </where>
  </sql>
  <sql id="Update_By_Example_Where_Clause" >
    <where >
      <foreach collection="example.oredCriteria" item="criteria" separator="or" >
        <if test="criteria.valid" >
          <trim prefix="(" suffix=")" prefixOverrides="and" >
            <foreach collection="criteria.criteria" item="criterion" >
              <choose >
                <when test="criterion.noValue" >
                  and ${criterion.condition}
                </when>
                <when test="criterion.singleValue" >
                  and ${criterion.condition} #{criterion.value}
                </when>
                <when test="criterion.betweenValue" >
                  and ${criterion.condition} #{criterion.value} and #{criterion.secondValue}
                </when>
                <when test="criterion.listValue" >
                  and ${criterion.condition}
                  <foreach collection="criterion.value" item="listItem" open="(" close=")" separator="," >
                    #{listItem}
                  </foreach>
                </when>
              </choose>
            </foreach>
          </trim>
        </if>
      </foreach>
    </where>
  </sql>
  <sql id="Base_Column_List" >
    id, uId, rId, create_time, update_time
  </sql>
  <select id="selectByExample" resultMap="BaseResultMap" parameterType="com.jzt.api.domain.AppUserFavoriteExample" >
    select
    <if test="distinct" >
      distinct
    </if>
    <include refid="Base_Column_List" />
    from app_user_favorite
    <if test="_parameter != null" >
      <include refid="Example_Where_Clause" />
    </if>
    <if test="orderByClause != null" >
      order by ${orderByClause}
    </if>
  </select>
  <select id="selectByPrimaryKey" resultMap="BaseResultMap" parameterType="java.lang.Integer" >
    select 
    <include refid="Base_Column_List" />
    from app_user_favorite
    where id = #{id,jdbcType=INTEGER}
  </select>
  <delete id="deleteByPrimaryKey" parameterType="java.lang.Integer" >
    delete from app_user_favorite
    where id = #{id,jdbcType=INTEGER}
  </delete>
  <delete id="deleteByExample" parameterType="com.jzt.api.domain.AppUserFavoriteExample" >
    delete from app_user_favorite
    <if test="_parameter != null" >
      <include refid="Example_Where_Clause" />
    </if>
  </delete>
  <insert id="insert" parameterType="com.jzt.api.domain.AppUserFavorite" >
    insert into app_user_favorite (id, uId, rId, 
      create_time, update_time)
    values (#{id,jdbcType=INTEGER}, #{uid,jdbcType=INTEGER}, #{rid,jdbcType=INTEGER}, 
      #{createTime,jdbcType=DATE}, #{updateTime,jdbcType=DATE})
  </insert>
  <insert id="insertSelective" parameterType="com.jzt.api.domain.AppUserFavorite" >
    insert into app_user_favorite
    <trim prefix="(" suffix=")" suffixOverrides="," >
      <if test="id != null" >
        id,
      </if>
      <if test="uid != null" >
        uId,
      </if>
      <if test="rid != null" >
        rId,
      </if>
      <if test="createTime != null" >
        create_time,
      </if>
      <if test="updateTime != null" >
        update_time,
      </if>
    </trim>
    <trim prefix="values (" suffix=")" suffixOverrides="," >
      <if test="id != null" >
        #{id,jdbcType=INTEGER},
      </if>
      <if test="uid != null" >
        #{uid,jdbcType=INTEGER},
      </if>
      <if test="rid != null" >
        #{rid,jdbcType=INTEGER},
      </if>
      <if test="createTime != null" >
        #{createTime,jdbcType=DATE},
      </if>
      <if test="updateTime != null" >
        #{updateTime,jdbcType=DATE},
      </if>
    </trim>
  </insert>
  <select id="countByExample" parameterType="com.jzt.api.domain.AppUserFavoriteExample" resultType="java.lang.Integer" >
    select count(*) from app_user_favorite
    <if test="_parameter != null" >
      <include refid="Example_Where_Clause" />
    </if>
  </select>
  <update id="updateByExampleSelective" parameterType="map" >
    update app_user_favorite
    <set >
      <if test="record.id != null" >
        id = #{record.id,jdbcType=INTEGER},
      </if>
      <if test="record.uid != null" >
        uId = #{record.uid,jdbcType=INTEGER},
      </if>
      <if test="record.rid != null" >
        rId = #{record.rid,jdbcType=INTEGER},
      </if>
      <if test="record.createTime != null" >
        create_time = #{record.createTime,jdbcType=DATE},
      </if>
      <if test="record.updateTime != null" >
        update_time = #{record.updateTime,jdbcType=DATE},
      </if>
    </set>
    <if test="_parameter != null" >
      <include refid="Update_By_Example_Where_Clause" />
    </if>
  </update>
  <update id="updateByExample" parameterType="map" >
    update app_user_favorite
    set id = #{record.id,jdbcType=INTEGER},
      uId = #{record.uid,jdbcType=INTEGER},
      rId = #{record.rid,jdbcType=INTEGER},
      create_time = #{record.createTime,jdbcType=DATE},
      update_time = #{record.updateTime,jdbcType=DATE}
    <if test="_parameter != null" >
      <include refid="Update_By_Example_Where_Clause" />
    </if>
  </update>
  <update id="updateByPrimaryKeySelective" parameterType="com.jzt.api.domain.AppUserFavorite" >
    update app_user_favorite
    <set >
      <if test="uid != null" >
        uId = #{uid,jdbcType=INTEGER},
      </if>
      <if test="rid != null" >
        rId = #{rid,jdbcType=INTEGER},
      </if>
      <if test="createTime != null" >
        create_time = #{createTime,jdbcType=DATE},
      </if>
      <if test="updateTime != null" >
        update_time = #{updateTime,jdbcType=DATE},
      </if>
    </set>
    where id = #{id,jdbcType=INTEGER}
  </update>
  <update id="updateByPrimaryKey" parameterType="com.jzt.api.domain.AppUserFavorite" >
    update app_user_favorite
    set uId = #{uid,jdbcType=INTEGER},
      rId = #{rid,jdbcType=INTEGER},
      create_time = #{createTime,jdbcType=DATE},
      update_time = #{updateTime,jdbcType=DATE}
    where id = #{id,jdbcType=INTEGER}
  </update>


  <select id="selectByUserId" resultMap="BaseResultMap" parameterType="string" >
    select * from app_user_favorite WHERE uId=#{_parameter}
  </select>

</mapper>