<?xml version="1.0" encoding="UTF-8" ?>
<!DOCTYPE mapper PUBLIC "-//mybatis.org//DTD Mapper 3.0//EN" "http://mybatis.org/dtd/mybatis-3-mapper.dtd" >
<mapper namespace="com.jzt.api.dao.BankProductMapper" >
  <resultMap id="BaseResultMap" type="com.jzt.api.domain.BankProduct" >
    <id column="id" property="id" jdbcType="INTEGER" />
    <result column="bank_id" property="bankId" jdbcType="INTEGER" />
    <result column="name" property="name" jdbcType="VARCHAR" />
    <result column="product_num" property="productNum" jdbcType="VARCHAR" />
    <result column="period_num" property="periodNum" jdbcType="INTEGER" />
    <result column="profit_type" property="profitType" jdbcType="VARCHAR" />
    <result column="limit_day" property="limitDay" jdbcType="INTEGER" />
    <result column="start_date" property="startDate" jdbcType="DATE" />
    <result column="end_date" property="endDate" jdbcType="DATE" />
    <result column="deadline" property="deadline" jdbcType="DATE" />
    <result column="disbank" property="disbank" jdbcType="VARCHAR" />
    <result column="start_money" property="startMoney" jdbcType="INTEGER" />
    <result column="add_money" property="addMoney" jdbcType="INTEGER" />
    <result column="limit_money" property="limitMoney" jdbcType="INTEGER" />
    <result column="area" property="area" jdbcType="VARCHAR" />
    <result column="channel" property="channel" jdbcType="VARCHAR" />
    <result column="is_transfer" property="isTransfer" jdbcType="INTEGER" />
    <result column="customer" property="customer" jdbcType="VARCHAR" />
    <result column="state" property="state" jdbcType="INTEGER" />
    <result column="risk_rank" property="riskRank" jdbcType="INTEGER" />
    <result column="issue_size" property="issueSize" jdbcType="INTEGER" />
    <result column="expect_profit_year" property="expectProfitYear" jdbcType="DOUBLE" />
    <result column="pub_time" property="pubTime" jdbcType="DATE" />
    <result column="notice" property="notice" jdbcType="VARCHAR" />
    <result column="trade" property="trade" jdbcType="VARCHAR" />
    <result column="customer_info" property="customerInfo" jdbcType="VARCHAR" />
    <result column="manual" property="manual" jdbcType="VARCHAR" />
    <result column="create_time" property="createTime" jdbcType="DATE" />
    <result column="update_time" property="updateTime" jdbcType="DATE" />
    <result column="is_delete" property="isDelete" jdbcType="INTEGER" />
  </resultMap>
  <sql id="Example_Where_Clause" >
    <where >
      <foreach collection="oredCriteria" item="criteria" separator="or" >
        <if test="criteria.valid" >
          <trim prefix="(" suffix=")" prefixOverrides="and" >
            <foreach collection="criteria.criteria" item="criterion" >
              <choose >
                <when test="criterion.noValue" >
                  and ${criterion.condition}
                </when>
                <when test="criterion.singleValue" >
                  and ${criterion.condition} #{criterion.value}
                </when>
                <when test="criterion.betweenValue" >
                  and ${criterion.condition} #{criterion.value} and #{criterion.secondValue}
                </when>
                <when test="criterion.listValue" >
                  and ${criterion.condition}
                  <foreach collection="criterion.value" item="listItem" open="(" close=")" separator="," >
                    #{listItem}
                  </foreach>
                </when>
              </choose>
            </foreach>
          </trim>
        </if>
      </foreach>
    </where>
  </sql>
  <sql id="Update_By_Example_Where_Clause" >
    <where >
      <foreach collection="example.oredCriteria" item="criteria" separator="or" >
        <if test="criteria.valid" >
          <trim prefix="(" suffix=")" prefixOverrides="and" >
            <foreach collection="criteria.criteria" item="criterion" >
              <choose >
                <when test="criterion.noValue" >
                  and ${criterion.condition}
                </when>
                <when test="criterion.singleValue" >
                  and ${criterion.condition} #{criterion.value}
                </when>
                <when test="criterion.betweenValue" >
                  and ${criterion.condition} #{criterion.value} and #{criterion.secondValue}
                </when>
                <when test="criterion.listValue" >
                  and ${criterion.condition}
                  <foreach collection="criterion.value" item="listItem" open="(" close=")" separator="," >
                    #{listItem}
                  </foreach>
                </when>
              </choose>
            </foreach>
          </trim>
        </if>
      </foreach>
    </where>
  </sql>
  <sql id="Base_Column_List" >
    id, bank_id, name, product_num, period_num, profit_type, limit_day, start_date, end_date, 
    deadline, disbank, start_money, add_money, limit_money, area, channel, is_transfer, 
    customer, state, risk_rank, issue_size, expect_profit_year, pub_time, notice, trade, 
    customer_info, manual, create_time, update_time, is_delete
  </sql>
  <select id="selectByExample" resultMap="BaseResultMap" parameterType="com.jzt.api.domain.BankProductExample" >
    select
    <if test="distinct" >
      distinct
    </if>
    <include refid="Base_Column_List" />
    from bank_product
    <if test="_parameter != null" >
      <include refid="Example_Where_Clause" />
    </if>
    <if test="orderByClause != null" >
      order by ${orderByClause}
    </if>
  </select>
  <select id="selectByPrimaryKey" resultMap="BaseResultMap" parameterType="java.lang.Integer" >
    select 
    <include refid="Base_Column_List" />
    from bank_product
    where id = #{id,jdbcType=INTEGER}
  </select>
  <delete id="deleteByPrimaryKey" parameterType="java.lang.Integer" >
    delete from bank_product
    where id = #{id,jdbcType=INTEGER}
  </delete>
  <delete id="deleteByExample" parameterType="com.jzt.api.domain.BankProductExample" >
    delete from bank_product
    <if test="_parameter != null" >
      <include refid="Example_Where_Clause" />
    </if>
  </delete>
  <insert id="insert" parameterType="com.jzt.api.domain.BankProduct" >
    insert into bank_product (id, bank_id, name, 
      product_num, period_num, profit_type, 
      limit_day, start_date, end_date, 
      deadline, disbank, start_money, 
      add_money, limit_money, area, 
      channel, is_transfer, customer, 
      state, risk_rank, issue_size, 
      expect_profit_year, pub_time, notice, 
      trade, customer_info, manual, 
      create_time, update_time, is_delete
      )
    values (#{id,jdbcType=INTEGER}, #{bankId,jdbcType=INTEGER}, #{name,jdbcType=VARCHAR}, 
      #{productNum,jdbcType=VARCHAR}, #{periodNum,jdbcType=INTEGER}, #{profitType,jdbcType=VARCHAR}, 
      #{limitDay,jdbcType=INTEGER}, #{startDate,jdbcType=DATE}, #{endDate,jdbcType=DATE}, 
      #{deadline,jdbcType=DATE}, #{disbank,jdbcType=VARCHAR}, #{startMoney,jdbcType=INTEGER}, 
      #{addMoney,jdbcType=INTEGER}, #{limitMoney,jdbcType=INTEGER}, #{area,jdbcType=VARCHAR}, 
      #{channel,jdbcType=VARCHAR}, #{isTransfer,jdbcType=INTEGER}, #{customer,jdbcType=VARCHAR}, 
      #{state,jdbcType=INTEGER}, #{riskRank,jdbcType=INTEGER}, #{issueSize,jdbcType=INTEGER}, 
      #{expectProfitYear,jdbcType=DOUBLE}, #{pubTime,jdbcType=DATE}, #{notice,jdbcType=VARCHAR}, 
      #{trade,jdbcType=VARCHAR}, #{customerInfo,jdbcType=VARCHAR}, #{manual,jdbcType=VARCHAR}, 
      #{createTime,jdbcType=DATE}, #{updateTime,jdbcType=DATE}, #{isDelete,jdbcType=INTEGER}
      )
  </insert>
  <insert id="insertSelective" parameterType="com.jzt.api.domain.BankProduct" >
    insert into bank_product
    <trim prefix="(" suffix=")" suffixOverrides="," >
      <if test="id != null" >
        id,
      </if>
      <if test="bankId != null" >
        bank_id,
      </if>
      <if test="name != null" >
        name,
      </if>
      <if test="productNum != null" >
        product_num,
      </if>
      <if test="periodNum != null" >
        period_num,
      </if>
      <if test="profitType != null" >
        profit_type,
      </if>
      <if test="limitDay != null" >
        limit_day,
      </if>
      <if test="startDate != null" >
        start_date,
      </if>
      <if test="endDate != null" >
        end_date,
      </if>
      <if test="deadline != null" >
        deadline,
      </if>
      <if test="disbank != null" >
        disbank,
      </if>
      <if test="startMoney != null" >
        start_money,
      </if>
      <if test="addMoney != null" >
        add_money,
      </if>
      <if test="limitMoney != null" >
        limit_money,
      </if>
      <if test="area != null" >
        area,
      </if>
      <if test="channel != null" >
        channel,
      </if>
      <if test="isTransfer != null" >
        is_transfer,
      </if>
      <if test="customer != null" >
        customer,
      </if>
      <if test="state != null" >
        state,
      </if>
      <if test="riskRank != null" >
        risk_rank,
      </if>
      <if test="issueSize != null" >
        issue_size,
      </if>
      <if test="expectProfitYear != null" >
        expect_profit_year,
      </if>
      <if test="pubTime != null" >
        pub_time,
      </if>
      <if test="notice != null" >
        notice,
      </if>
      <if test="trade != null" >
        trade,
      </if>
      <if test="customerInfo != null" >
        customer_info,
      </if>
      <if test="manual != null" >
        manual,
      </if>
      <if test="createTime != null" >
        create_time,
      </if>
      <if test="updateTime != null" >
        update_time,
      </if>
      <if test="isDelete != null" >
        is_delete,
      </if>
    </trim>
    <trim prefix="values (" suffix=")" suffixOverrides="," >
      <if test="id != null" >
        #{id,jdbcType=INTEGER},
      </if>
      <if test="bankId != null" >
        #{bankId,jdbcType=INTEGER},
      </if>
      <if test="name != null" >
        #{name,jdbcType=VARCHAR},
      </if>
      <if test="productNum != null" >
        #{productNum,jdbcType=VARCHAR},
      </if>
      <if test="periodNum != null" >
        #{periodNum,jdbcType=INTEGER},
      </if>
      <if test="profitType != null" >
        #{profitType,jdbcType=VARCHAR},
      </if>
      <if test="limitDay != null" >
        #{limitDay,jdbcType=INTEGER},
      </if>
      <if test="startDate != null" >
        #{startDate,jdbcType=DATE},
      </if>
      <if test="endDate != null" >
        #{endDate,jdbcType=DATE},
      </if>
      <if test="deadline != null" >
        #{deadline,jdbcType=DATE},
      </if>
      <if test="disbank != null" >
        #{disbank,jdbcType=VARCHAR},
      </if>
      <if test="startMoney != null" >
        #{startMoney,jdbcType=INTEGER},
      </if>
      <if test="addMoney != null" >
        #{addMoney,jdbcType=INTEGER},
      </if>
      <if test="limitMoney != null" >
        #{limitMoney,jdbcType=INTEGER},
      </if>
      <if test="area != null" >
        #{area,jdbcType=VARCHAR},
      </if>
      <if test="channel != null" >
        #{channel,jdbcType=VARCHAR},
      </if>
      <if test="isTransfer != null" >
        #{isTransfer,jdbcType=INTEGER},
      </if>
      <if test="customer != null" >
        #{customer,jdbcType=VARCHAR},
      </if>
      <if test="state != null" >
        #{state,jdbcType=INTEGER},
      </if>
      <if test="riskRank != null" >
        #{riskRank,jdbcType=INTEGER},
      </if>
      <if test="issueSize != null" >
        #{issueSize,jdbcType=INTEGER},
      </if>
      <if test="expectProfitYear != null" >
        #{expectProfitYear,jdbcType=DOUBLE},
      </if>
      <if test="pubTime != null" >
        #{pubTime,jdbcType=DATE},
      </if>
      <if test="notice != null" >
        #{notice,jdbcType=VARCHAR},
      </if>
      <if test="trade != null" >
        #{trade,jdbcType=VARCHAR},
      </if>
      <if test="customerInfo != null" >
        #{customerInfo,jdbcType=VARCHAR},
      </if>
      <if test="manual != null" >
        #{manual,jdbcType=VARCHAR},
      </if>
      <if test="createTime != null" >
        #{createTime,jdbcType=DATE},
      </if>
      <if test="updateTime != null" >
        #{updateTime,jdbcType=DATE},
      </if>
      <if test="isDelete != null" >
        #{isDelete,jdbcType=INTEGER},
      </if>
    </trim>
  </insert>
  <select id="countByExample" parameterType="com.jzt.api.domain.BankProductExample" resultType="java.lang.Integer" >
    select count(*) from bank_product
    <if test="_parameter != null" >
      <include refid="Example_Where_Clause" />
    </if>
  </select>
  <update id="updateByExampleSelective" parameterType="map" >
    update bank_product
    <set >
      <if test="record.id != null" >
        id = #{record.id,jdbcType=INTEGER},
      </if>
      <if test="record.bankId != null" >
        bank_id = #{record.bankId,jdbcType=INTEGER},
      </if>
      <if test="record.name != null" >
        name = #{record.name,jdbcType=VARCHAR},
      </if>
      <if test="record.productNum != null" >
        product_num = #{record.productNum,jdbcType=VARCHAR},
      </if>
      <if test="record.periodNum != null" >
        period_num = #{record.periodNum,jdbcType=INTEGER},
      </if>
      <if test="record.profitType != null" >
        profit_type = #{record.profitType,jdbcType=VARCHAR},
      </if>
      <if test="record.limitDay != null" >
        limit_day = #{record.limitDay,jdbcType=INTEGER},
      </if>
      <if test="record.startDate != null" >
        start_date = #{record.startDate,jdbcType=DATE},
      </if>
      <if test="record.endDate != null" >
        end_date = #{record.endDate,jdbcType=DATE},
      </if>
      <if test="record.deadline != null" >
        deadline = #{record.deadline,jdbcType=DATE},
      </if>
      <if test="record.disbank != null" >
        disbank = #{record.disbank,jdbcType=VARCHAR},
      </if>
      <if test="record.startMoney != null" >
        start_money = #{record.startMoney,jdbcType=INTEGER},
      </if>
      <if test="record.addMoney != null" >
        add_money = #{record.addMoney,jdbcType=INTEGER},
      </if>
      <if test="record.limitMoney != null" >
        limit_money = #{record.limitMoney,jdbcType=INTEGER},
      </if>
      <if test="record.area != null" >
        area = #{record.area,jdbcType=VARCHAR},
      </if>
      <if test="record.channel != null" >
        channel = #{record.channel,jdbcType=VARCHAR},
      </if>
      <if test="record.isTransfer != null" >
        is_transfer = #{record.isTransfer,jdbcType=INTEGER},
      </if>
      <if test="record.customer != null" >
        customer = #{record.customer,jdbcType=VARCHAR},
      </if>
      <if test="record.state != null" >
        state = #{record.state,jdbcType=INTEGER},
      </if>
      <if test="record.riskRank != null" >
        risk_rank = #{record.riskRank,jdbcType=INTEGER},
      </if>
      <if test="record.issueSize != null" >
        issue_size = #{record.issueSize,jdbcType=INTEGER},
      </if>
      <if test="record.expectProfitYear != null" >
        expect_profit_year = #{record.expectProfitYear,jdbcType=DOUBLE},
      </if>
      <if test="record.pubTime != null" >
        pub_time = #{record.pubTime,jdbcType=DATE},
      </if>
      <if test="record.notice != null" >
        notice = #{record.notice,jdbcType=VARCHAR},
      </if>
      <if test="record.trade != null" >
        trade = #{record.trade,jdbcType=VARCHAR},
      </if>
      <if test="record.customerInfo != null" >
        customer_info = #{record.customerInfo,jdbcType=VARCHAR},
      </if>
      <if test="record.manual != null" >
        manual = #{record.manual,jdbcType=VARCHAR},
      </if>
      <if test="record.createTime != null" >
        create_time = #{record.createTime,jdbcType=DATE},
      </if>
      <if test="record.updateTime != null" >
        update_time = #{record.updateTime,jdbcType=DATE},
      </if>
      <if test="record.isDelete != null" >
        is_delete = #{record.isDelete,jdbcType=INTEGER},
      </if>
    </set>
    <if test="_parameter != null" >
      <include refid="Update_By_Example_Where_Clause" />
    </if>
  </update>
  <update id="updateByExample" parameterType="map" >
    update bank_product
    set id = #{record.id,jdbcType=INTEGER},
      bank_id = #{record.bankId,jdbcType=INTEGER},
      name = #{record.name,jdbcType=VARCHAR},
      product_num = #{record.productNum,jdbcType=VARCHAR},
      period_num = #{record.periodNum,jdbcType=INTEGER},
      profit_type = #{record.profitType,jdbcType=VARCHAR},
      limit_day = #{record.limitDay,jdbcType=INTEGER},
      start_date = #{record.startDate,jdbcType=DATE},
      end_date = #{record.endDate,jdbcType=DATE},
      deadline = #{record.deadline,jdbcType=DATE},
      disbank = #{record.disbank,jdbcType=VARCHAR},
      start_money = #{record.startMoney,jdbcType=INTEGER},
      add_money = #{record.addMoney,jdbcType=INTEGER},
      limit_money = #{record.limitMoney,jdbcType=INTEGER},
      area = #{record.area,jdbcType=VARCHAR},
      channel = #{record.channel,jdbcType=VARCHAR},
      is_transfer = #{record.isTransfer,jdbcType=INTEGER},
      customer = #{record.customer,jdbcType=VARCHAR},
      state = #{record.state,jdbcType=INTEGER},
      risk_rank = #{record.riskRank,jdbcType=INTEGER},
      issue_size = #{record.issueSize,jdbcType=INTEGER},
      expect_profit_year = #{record.expectProfitYear,jdbcType=DOUBLE},
      pub_time = #{record.pubTime,jdbcType=DATE},
      notice = #{record.notice,jdbcType=VARCHAR},
      trade = #{record.trade,jdbcType=VARCHAR},
      customer_info = #{record.customerInfo,jdbcType=VARCHAR},
      manual = #{record.manual,jdbcType=VARCHAR},
      create_time = #{record.createTime,jdbcType=DATE},
      update_time = #{record.updateTime,jdbcType=DATE},
      is_delete = #{record.isDelete,jdbcType=INTEGER}
    <if test="_parameter != null" >
      <include refid="Update_By_Example_Where_Clause" />
    </if>
  </update>
  <update id="updateByPrimaryKeySelective" parameterType="com.jzt.api.domain.BankProduct" >
    update bank_product
    <set >
      <if test="bankId != null" >
        bank_id = #{bankId,jdbcType=INTEGER},
      </if>
      <if test="name != null" >
        name = #{name,jdbcType=VARCHAR},
      </if>
      <if test="productNum != null" >
        product_num = #{productNum,jdbcType=VARCHAR},
      </if>
      <if test="periodNum != null" >
        period_num = #{periodNum,jdbcType=INTEGER},
      </if>
      <if test="profitType != null" >
        profit_type = #{profitType,jdbcType=VARCHAR},
      </if>
      <if test="limitDay != null" >
        limit_day = #{limitDay,jdbcType=INTEGER},
      </if>
      <if test="startDate != null" >
        start_date = #{startDate,jdbcType=DATE},
      </if>
      <if test="endDate != null" >
        end_date = #{endDate,jdbcType=DATE},
      </if>
      <if test="deadline != null" >
        deadline = #{deadline,jdbcType=DATE},
      </if>
      <if test="disbank != null" >
        disbank = #{disbank,jdbcType=VARCHAR},
      </if>
      <if test="startMoney != null" >
        start_money = #{startMoney,jdbcType=INTEGER},
      </if>
      <if test="addMoney != null" >
        add_money = #{addMoney,jdbcType=INTEGER},
      </if>
      <if test="limitMoney != null" >
        limit_money = #{limitMoney,jdbcType=INTEGER},
      </if>
      <if test="area != null" >
        area = #{area,jdbcType=VARCHAR},
      </if>
      <if test="channel != null" >
        channel = #{channel,jdbcType=VARCHAR},
      </if>
      <if test="isTransfer != null" >
        is_transfer = #{isTransfer,jdbcType=INTEGER},
      </if>
      <if test="customer != null" >
        customer = #{customer,jdbcType=VARCHAR},
      </if>
      <if test="state != null" >
        state = #{state,jdbcType=INTEGER},
      </if>
      <if test="riskRank != null" >
        risk_rank = #{riskRank,jdbcType=INTEGER},
      </if>
      <if test="issueSize != null" >
        issue_size = #{issueSize,jdbcType=INTEGER},
      </if>
      <if test="expectProfitYear != null" >
        expect_profit_year = #{expectProfitYear,jdbcType=DOUBLE},
      </if>
      <if test="pubTime != null" >
        pub_time = #{pubTime,jdbcType=DATE},
      </if>
      <if test="notice != null" >
        notice = #{notice,jdbcType=VARCHAR},
      </if>
      <if test="trade != null" >
        trade = #{trade,jdbcType=VARCHAR},
      </if>
      <if test="customerInfo != null" >
        customer_info = #{customerInfo,jdbcType=VARCHAR},
      </if>
      <if test="manual != null" >
        manual = #{manual,jdbcType=VARCHAR},
      </if>
      <if test="createTime != null" >
        create_time = #{createTime,jdbcType=DATE},
      </if>
      <if test="updateTime != null" >
        update_time = #{updateTime,jdbcType=DATE},
      </if>
      <if test="isDelete != null" >
        is_delete = #{isDelete,jdbcType=INTEGER},
      </if>
    </set>
    where id = #{id,jdbcType=INTEGER}
  </update>
  <update id="updateByPrimaryKey" parameterType="com.jzt.api.domain.BankProduct" >
    update bank_product
    set bank_id = #{bankId,jdbcType=INTEGER},
      name = #{name,jdbcType=VARCHAR},
      product_num = #{productNum,jdbcType=VARCHAR},
      period_num = #{periodNum,jdbcType=INTEGER},
      profit_type = #{profitType,jdbcType=VARCHAR},
      limit_day = #{limitDay,jdbcType=INTEGER},
      start_date = #{startDate,jdbcType=DATE},
      end_date = #{endDate,jdbcType=DATE},
      deadline = #{deadline,jdbcType=DATE},
      disbank = #{disbank,jdbcType=VARCHAR},
      start_money = #{startMoney,jdbcType=INTEGER},
      add_money = #{addMoney,jdbcType=INTEGER},
      limit_money = #{limitMoney,jdbcType=INTEGER},
      area = #{area,jdbcType=VARCHAR},
      channel = #{channel,jdbcType=VARCHAR},
      is_transfer = #{isTransfer,jdbcType=INTEGER},
      customer = #{customer,jdbcType=VARCHAR},
      state = #{state,jdbcType=INTEGER},
      risk_rank = #{riskRank,jdbcType=INTEGER},
      issue_size = #{issueSize,jdbcType=INTEGER},
      expect_profit_year = #{expectProfitYear,jdbcType=DOUBLE},
      pub_time = #{pubTime,jdbcType=DATE},
      notice = #{notice,jdbcType=VARCHAR},
      trade = #{trade,jdbcType=VARCHAR},
      customer_info = #{customerInfo,jdbcType=VARCHAR},
      manual = #{manual,jdbcType=VARCHAR},
      create_time = #{createTime,jdbcType=DATE},
      update_time = #{updateTime,jdbcType=DATE},
      is_delete = #{isDelete,jdbcType=INTEGER}
    where id = #{id,jdbcType=INTEGER}
  </update>
</mapper>