<?xml version="1.0" encoding="UTF-8" ?>
<!DOCTYPE mapper PUBLIC "-//mybatis.org//DTD Mapper 3.0//EN" "http://mybatis.org/dtd/mybatis-3-mapper.dtd" >
<mapper namespace="com.jzt.api.dao.EverydayPlatVisitMapper" >
  <resultMap id="BaseResultMap" type="com.jzt.api.domain.EverydayPlatVisit" >
    <id column="Id" property="id" jdbcType="INTEGER" />
    <result column="pId" property="pid" jdbcType="INTEGER" />
    <result column="num_click" property="numClick" jdbcType="INTEGER" />
    <result column="num_change" property="numChange" jdbcType="INTEGER" />
    <result column="last_update" property="lastUpdate" jdbcType="TIMESTAMP" />
  </resultMap>
  <sql id="Example_Where_Clause" >
    <where >
      <foreach collection="oredCriteria" item="criteria" separator="or" >
        <if test="criteria.valid" >
          <trim prefix="(" suffix=")" prefixOverrides="and" >
            <foreach collection="criteria.criteria" item="criterion" >
              <choose >
                <when test="criterion.noValue" >
                  and ${criterion.condition}
                </when>
                <when test="criterion.singleValue" >
                  and ${criterion.condition} #{criterion.value}
                </when>
                <when test="criterion.betweenValue" >
                  and ${criterion.condition} #{criterion.value} and #{criterion.secondValue}
                </when>
                <when test="criterion.listValue" >
                  and ${criterion.condition}
                  <foreach collection="criterion.value" item="listItem" open="(" close=")" separator="," >
                    #{listItem}
                  </foreach>
                </when>
              </choose>
            </foreach>
          </trim>
        </if>
      </foreach>
    </where>
  </sql>
  <sql id="Update_By_Example_Where_Clause" >
    <where >
      <foreach collection="example.oredCriteria" item="criteria" separator="or" >
        <if test="criteria.valid" >
          <trim prefix="(" suffix=")" prefixOverrides="and" >
            <foreach collection="criteria.criteria" item="criterion" >
              <choose >
                <when test="criterion.noValue" >
                  and ${criterion.condition}
                </when>
                <when test="criterion.singleValue" >
                  and ${criterion.condition} #{criterion.value}
                </when>
                <when test="criterion.betweenValue" >
                  and ${criterion.condition} #{criterion.value} and #{criterion.secondValue}
                </when>
                <when test="criterion.listValue" >
                  and ${criterion.condition}
                  <foreach collection="criterion.value" item="listItem" open="(" close=")" separator="," >
                    #{listItem}
                  </foreach>
                </when>
              </choose>
            </foreach>
          </trim>
        </if>
      </foreach>
    </where>
  </sql>
  <sql id="Base_Column_List" >
    Id, pId, num_click, num_change, last_update
  </sql>
  <select id="selectByExample" resultMap="BaseResultMap" parameterType="com.jzt.api.domain.EverydayPlatVisitExample" >
    select
    <if test="distinct" >
      distinct
    </if>
    <include refid="Base_Column_List" />
    from everyday_plat_visit
    <if test="_parameter != null" >
      <include refid="Example_Where_Clause" />
    </if>
    <if test="orderByClause != null" >
      order by ${orderByClause}
    </if>
  </select>
  <select id="selectByPrimaryKey" resultMap="BaseResultMap" parameterType="java.lang.Integer" >
    select 
    <include refid="Base_Column_List" />
    from everyday_plat_visit
    where Id = #{id,jdbcType=INTEGER}
  </select>
  <delete id="deleteByPrimaryKey" parameterType="java.lang.Integer" >
    delete from everyday_plat_visit
    where Id = #{id,jdbcType=INTEGER}
  </delete>
  <delete id="deleteByExample" parameterType="com.jzt.api.domain.EverydayPlatVisitExample" >
    delete from everyday_plat_visit
    <if test="_parameter != null" >
      <include refid="Example_Where_Clause" />
    </if>
  </delete>
  <insert id="insert" parameterType="com.jzt.api.domain.EverydayPlatVisit" >
    insert into everyday_plat_visit (Id, pId, num_click, 
      num_change, last_update)
    values (#{id,jdbcType=INTEGER}, #{pid,jdbcType=INTEGER}, #{numClick,jdbcType=INTEGER}, 
      #{numChange,jdbcType=INTEGER}, #{lastUpdate,jdbcType=TIMESTAMP})
  </insert>
  <insert id="insertSelective" parameterType="com.jzt.api.domain.EverydayPlatVisit" >
    insert into everyday_plat_visit
    <trim prefix="(" suffix=")" suffixOverrides="," >
      <if test="id != null" >
        Id,
      </if>
      <if test="pid != null" >
        pId,
      </if>
      <if test="numClick != null" >
        num_click,
      </if>
      <if test="numChange != null" >
        num_change,
      </if>
      <if test="lastUpdate != null" >
        last_update,
      </if>
    </trim>
    <trim prefix="values (" suffix=")" suffixOverrides="," >
      <if test="id != null" >
        #{id,jdbcType=INTEGER},
      </if>
      <if test="pid != null" >
        #{pid,jdbcType=INTEGER},
      </if>
      <if test="numClick != null" >
        #{numClick,jdbcType=INTEGER},
      </if>
      <if test="numChange != null" >
        #{numChange,jdbcType=INTEGER},
      </if>
      <if test="lastUpdate != null" >
        #{lastUpdate,jdbcType=TIMESTAMP},
      </if>
    </trim>
  </insert>
  <select id="countByExample" parameterType="com.jzt.api.domain.EverydayPlatVisitExample" resultType="java.lang.Integer" >
    select count(*) from everyday_plat_visit
    <if test="_parameter != null" >
      <include refid="Example_Where_Clause" />
    </if>
  </select>
  <update id="updateByExampleSelective" parameterType="map" >
    update everyday_plat_visit
    <set >
      <if test="record.id != null" >
        Id = #{record.id,jdbcType=INTEGER},
      </if>
      <if test="record.pid != null" >
        pId = #{record.pid,jdbcType=INTEGER},
      </if>
      <if test="record.numClick != null" >
        num_click = #{record.numClick,jdbcType=INTEGER},
      </if>
      <if test="record.numChange != null" >
        num_change = #{record.numChange,jdbcType=INTEGER},
      </if>
      <if test="record.lastUpdate != null" >
        last_update = #{record.lastUpdate,jdbcType=TIMESTAMP},
      </if>
    </set>
    <if test="_parameter != null" >
      <include refid="Update_By_Example_Where_Clause" />
    </if>
  </update>
  <update id="updateByExample" parameterType="map" >
    update everyday_plat_visit
    set Id = #{record.id,jdbcType=INTEGER},
      pId = #{record.pid,jdbcType=INTEGER},
      num_click = #{record.numClick,jdbcType=INTEGER},
      num_change = #{record.numChange,jdbcType=INTEGER},
      last_update = #{record.lastUpdate,jdbcType=TIMESTAMP}
    <if test="_parameter != null" >
      <include refid="Update_By_Example_Where_Clause" />
    </if>
  </update>
  <update id="updateByPrimaryKeySelective" parameterType="com.jzt.api.domain.EverydayPlatVisit" >
    update everyday_plat_visit
    <set >
      <if test="pid != null" >
        pId = #{pid,jdbcType=INTEGER},
      </if>
      <if test="numClick != null" >
        num_click = #{numClick,jdbcType=INTEGER},
      </if>
      <if test="numChange != null" >
        num_change = #{numChange,jdbcType=INTEGER},
      </if>
      <if test="lastUpdate != null" >
        last_update = #{lastUpdate,jdbcType=TIMESTAMP},
      </if>
    </set>
    where Id = #{id,jdbcType=INTEGER}
  </update>
  <update id="updateByPrimaryKey" parameterType="com.jzt.api.domain.EverydayPlatVisit" >
    update everyday_plat_visit
    set pId = #{pid,jdbcType=INTEGER},
      num_click = #{numClick,jdbcType=INTEGER},
      num_change = #{numChange,jdbcType=INTEGER},
      last_update = #{lastUpdate,jdbcType=TIMESTAMP}
    where Id = #{id,jdbcType=INTEGER}
  </update>
</mapper>