
{
    "id":"evt_ugB6x3K43D16wXCcqbplWAJo",
    "created":1440407501,
    "livemode":false,
    "type":"charge.succeeded",
    "data":{
        "object":{
            "id":"ch_Xsr7u35O3m1Gw4ed2ODmi4Lw",
            "object":"charge",
            "created":1440407501,
            "livemode":true,
            "paid":true,
            "refunded":false,
            "app":"app_urj1WLzvzfTK0OuL",
            "channel":"upacp",
            "order_no":"123456789",
            "client_ip":"127.0.0.1",
            "amount":100,
            "amount_settle":0,
            "currency":"cny",
            "subject":"Your Subject",
            "body":"Your Body",
            "extra":{
            },
            "time_paid":1440407501,
            "time_expire":1440407501,
            "time_settle":null,
            "transaction_no":"1224524301201505066067849274",
            "refunds":{
                "object":"list",
                "url":"/v1/charges/ch_Xsr7u35O3m1Gw4ed2ODmi4Lw/refunds",
                "has_more":false,
                "data":[
                ]
            },
            "amount_refunded":0,
            "failure_code":null,
            "failure_msg":null,
            "metadata":{
            },
            "credential":{
            },
            "description":null
        }
    },
    "object":"event",
    "pending_webhooks":0,
    "request":"iar_qH4y1KbTy5eLGm1uHSTS00s"
}